account,sale_month,driver_type,driver_key,delta_volume,driver_bucket
ADAIR,2024-12-01,category,AMERICAN VODKAS,-2.12,top_driver
ADAIR,2024-12-01,category,TENNESSEE WHISKIES,1.12,top_driver
ADAIR,2024-12-01,category,NEUTRAL GRAIN SPIRITS FLAVORED,0.25,top_driver
ADAIR,2024-12-01,item,"JACK DANIELS OLD #7 BLACK LABEL FLAT",0.75,top_driver
ADAIR,2024-12-01,item,TITOS HANDMADE VODKA MINI,0.3,top_driver
ADAIR,2024-12-01,store,"KUM & GO #76 / ADAIR",1.9200000000000002,top_driver
ADAIR,2024-12-01,store,"CASEY'S GENERAL STORE #2521 / ADAIR",0.25,top_driver
ADAIR,2024-12-01,store,"CASEY'S #2654 / STUART",-0.04999999999999999,top_driver
ADAMS,2024-12-01,category,SINGLE MALT SCOTCH,0.0,top_driver
ADAMS,2024-12-01,store,HY-VEE FOOD STORE / CORNING,-1.0,top_driver
ALLAMAKEE,2024-12-01,category,WHISKEY LIQUEUR,1.0,top_driver
ALLAMAKEE,2024-12-01,category,BLENDED WHISKIES,0.75,top_driver
ALLAMAKEE,2024-12-01,category,CREAM LIQUEURS,0.7,top_driver
ALLAMAKEE,2024-12-01,category,NEUTRAL GRAIN SPIRITS FLAVORED,-0.35000000000000003,top_driver
ALLAMAKEE,2024-12-01,category,CANADIAN WHISKIES,0.2,top_driver
ALLAMAKEE,2024-12-01,store,"CASEY'S GENERAL STORE #3639 / POSTVILLE",1.4,top_driver
ALLAMAKEE,2024-12-01,store,DOUBLE D LIQUOR STORE / WAUKON,-1.25,top_driver
ALLAMAKEE,2024-12-01,store,QUILLINS FOOD RANCH / WAUKON,0.4,top_driver
APPANOOSE,2024-12-01,category,AMERICAN VODKAS,-30.75,top_driver
APPANOOSE,2024-12-01,category,AMERICAN SCHNAPPS,-0.10000000000000002,top_driver
APPANOOSE,2024-12-01,category,NEUTRAL GRAIN SPIRITS FLAVORED,0.0,top_driver
APPANOOSE,2024-12-01,store,QUICK SHOP FOODS / CENTERVILLE,-1.4700000000000002,top_driver
APPANOOSE,2024-12-01,store,"CASEY'S GENERAL STORE #3772",-0.45,top_driver
APPANOOSE,2024-12-01,store,"FAREWAY STORES #827 / CENTERVILLE",0.0,top_driver
AUDUBON,2024-12-01,category,TENNESSEE WHISKIES,0.75,top_driver
AUDUBON,2024-12-01,category,AMERICAN FLAVORED VODKA,0.0,top_driver
AUDUBON,2024-12-01,category,IMPORTED SCHNAPPS,0.0,top_driver
AUDUBON,2024-12-01,item,DR MCGILLICUDDYS CHERRY,0.0,top_driver
AUDUBON,2024-12-01,store,AUDUBON FOOD LAND,4.0,top_driver
AUDUBON,2024-12-01,store,"CASEY'S GENERAL STORE #27  /  AUDUBO",0.65,top_driver
BENTON,2024-12-01,category,AMERICAN BRANDIES,-3.25,top_detractor
BENTON,2024-12-01,category,CANADIAN WHISKIES,31.0,top_driver
BENTON,2024-12-01,category,TENNESSEE WHISKIES,-1.55,top_driver
BENTON,2024-12-01,category,TEMPORARY & SPECIALTY PACKAGES,1.0,top_driver
BENTON,2024-12-01,category,STRAIGHT BOURBON WHISKIES,-0.75,top_driver
BENTON,2024-12-01,category,NEUTRAL GRAIN SPIRITS FLAVORED,-0.7,top_driver
BENTON,2024-12-01,category,IMPORTED SCHNAPPS,0.6,top_driver
BENTON,2024-12-01,category,AMERICAN FLAVORED VODKA,-0.38,top_driver
BENTON,2024-12-01,category,100% AGAVE TEQUILA,0.25,top_driver
BENTON,2024-12-01,category,AMERICAN SCHNAPPS,0.0,top_driver
BENTON,2024-12-01,category,AMERICAN CORDIALS & LIQUEURS,0.0,top_driver
BENTON,2024-12-01,item,BLACK VELVET,-73.5,top_driver
BENTON,2024-12-01,item,HORNITOS PLATA,-3.0,top_driver
BENTON,2024-12-01,item,KNOB CREEK,-0.75,top_driver
BENTON,2024-12-01,item,UV BLUE RASPBERRY,-0.63,top_driver
BENTON,2024-12-01,item,CANADIAN CLUB WHISKY,0.0,top_driver
BENTON,2024-12-01,item,RUMPLE MINZE PEPPERMINT SCHNAPPS LIQUEUR,0.0,top_driver
BENTON,2024-12-01,item,EARLY TIMES BOTTLED IN BOND,0.0,top_driver
BENTON,2024-12-01,store,"FAREWAY STORES #462 / VINTON",-104.75,top_driver
BENTON,2024-12-01,store,"CASEY'S GENERAL STORE #2845 / URBANA",31.25,top_driver
BENTON,2024-12-01,store,GRIEDER BEVERAGE DEPOT,-1.13,top_driver
BENTON,2024-12-01,store,SHELLSBURG QUICK STOP / SHELLSBURG,0.95,top_driver
BENTON,2024-12-01,store,EHLINGER'S VINTON EXPRESS,-0.7999999999999998,top_driver
BENTON,2024-12-01,store,THE DEPOT ATKINS,-0.30000000000000004,top_driver
BENTON,2024-12-01,store,"CASEY'S GENERAL STORE #3717 / VINTON",-0.25,top_driver
BENTON,2024-12-01,store,DEPOT NORWAY,0.0,top_driver
BENTON,2024-12-01,store,ROY'S FOODLAND,0.0,top_driver
BENTON,2024-12-01,store,THE DEPOT WALFORD LLC / WALFORD,0.0,top_driver
BLACK HAWK,2024-12-01,category,AMERICAN VODKAS,-1020.6499999999997,top_detractor
BLACK HAWK,2024-12-01,category,AMERICAN FLAVORED VODKA,-51.85,top_detractor
BLACK HAWK,2024-12-01,category,CREAM LIQUEURS,-13.1,top_detractor
BLACK HAWK,2024-12-01,category,IMPORTED DISTILLED SPIRITS SPECIALTY,-6.38,top_detractor
BLACK HAWK,2024-12-01,category,AMERICAN SCHNAPPS,-3.249999999999999,top_detractor
BLACK HAWK,2024-12-01,category,TEMPORARY & SPECIALTY PACKAGES,-3.0999999999999996,top_detractor
BLACK HAWK,2024-12-01,category,SCOTCH WHISKIES,-2.45,top_detractor
BLACK HAWK,2024-12-01,category,STRAIGHT BOURBON WHISKIES,-1.5700000000000003,top_detractor
BLACK HAWK,2024-12-01,category,COCKTAILS/RTD,-1.5,top_detractor
BLACK HAWK,2024-12-01,category,IMPORTED SCHNAPPS,-0.5,top_detractor
BLACK HAWK,2024-12-01,category,CANADIAN WHISKIES,123.67000000000003,top_driver
BLACK HAWK,2024-12-01,category,100% AGAVE TEQUILA,118.15000000000002,top_driver
BLACK HAWK,2024-12-01,category,BLENDED WHISKIES,92.25,top_driver
BLACK HAWK,2024-12-01,category,WHISKEY LIQUEUR,33.5,top_driver
BLACK HAWK,2024-12-01,category,IMPORTED VODKAS,1.6,top_driver
BLACK HAWK,2024-12-01,category,TENNESSEE WHISKIES,1.12,top_driver
BLACK HAWK,2024-12-01,category,SPICED RUM,0.9500000000000001,top_driver
BLACK HAWK,2024-12-01,category,IMPORTED CORDIALS & LIQUEURS,0.7,top_driver
BLACK HAWK,2024-12-01,category,NEUTRAL GRAIN SPIRITS FLAVORED,0.7,top_driver
BLACK HAWK,2024-12-01,category,IMPORTED FLAVORED VODKA,0.25,top_driver
BLACK HAWK,2024-12-01,item,TITOS HANDMADE VODKA,-629.2,top_detractor
BLACK HAWK,2024-12-01,item,ABSOLUT SWEDISH VODKA 80PRF,-69.87,top_detractor
BLACK HAWK,2024-12-01,item,PATRON SILVER,-43.8,top_detractor
BLACK HAWK,2024-12-01,item,SMIRNOFF 80PRF,-36.37,top_detractor
BLACK HAWK,2024-12-01,item,BLACK VELVET RESERVE,-31.5,top_detractor
BLACK HAWK,2024-12-01,item,CROWN ROYAL VANILLA,-29.32,top_detractor
BLACK HAWK,2024-12-01,item,KEEPERS HEART IRISH AND BOURBON WHISKEY,-2.8000000000000003,top_detractor
BLACK HAWK,2024-12-01,item,JOHNNIE WALKER RED,-2.5,top_detractor
BLACK HAWK,2024-12-01,item,BLACK VELVET,-2.13,top_detractor
BLACK HAWK,2024-12-01,item,OLD FORESTER BOURBON 86PRF,-0.75,top_detractor
BLACK HAWK,2024-12-01,item,KESSLER BLEND WHISKEY,93.0,top_driver
BLACK HAWK,2024-12-01,item,FIREBALL CINNAMON WHISKEY,30.200000000000003,top_driver
BLACK HAWK,2024-12-01,item,"JACK DANIELS OLD #7 BLACK LABEL MINI",0.5499999999999999,top_driver
BLACK HAWK,2024-12-01,item,JIM BEAM MINI,0.5,top_driver
BLACK HAWK,2024-12-01,item,FRIS DANISH VODKA MINI,0.44999999999999996,top_driver
BLACK HAWK,2024-12-01,item,TEREMANA REPOSADO TEQUILA,0.3700000000000001,top_driver
BLACK HAWK,2024-12-01,item,SHEEP DOG PEANUT BUTTER MINI,0.35,top_driver
BLACK HAWK,2024-12-01,item,DR MCGILLICUDDYS APPLE PIE MINI,0.05,top_driver
BLACK HAWK,2024-12-01,item,KINKY GREEN MINI,0.05,top_driver
BLACK HAWK,2024-12-01,item,99 BANANAS MINI,0.05,top_driver
BLACK HAWK,2024-12-01,store,"FAREWAY STORES #951 / WATERLOO",-629.0,top_detractor
BLACK HAWK,2024-12-01,store,HY-VEE WINE AND SPIRITS / WATERLOO,-318.58000000000004,top_detractor
BLACK HAWK,2024-12-01,store,HAPPY'S WINE & SPIRITS WHOLESALE,-60.5,top_detractor
BLACK HAWK,2024-12-01,store,"HY-VEE FOOD STORE #3 (1866) / WATERLOO",-43.12,top_detractor
BLACK HAWK,2024-12-01,store,HY-VEE FOOD STORE / CEDAR FALLS,-5.520000000000001,top_detractor
BLACK HAWK,2024-12-01,store,"CASEY'S GENERAL STORE #3041 / ELK RUN HEIGHTS",-3.6,top_detractor
BLACK HAWK,2024-12-01,store,HAPPY'S WINE & SPIRITS,-3.3499999999999996,top_detractor
BLACK HAWK,2024-12-01,store,THUNDER RIDGE AMPRIDE,-0.55,top_detractor
BLACK HAWK,2024-12-01,store,PRIME MART 7 / WATERLOO,-0.5,top_detractor
BLACK HAWK,2024-12-01,store,LIQUOR AND TOBACCO OUTLET / WATERLOO,-0.25,top_detractor
BLACK HAWK,2024-12-01,store,SAM'S CLUB 6514 / WATERLOO,144.0,top_driver
BLACK HAWK,2024-12-01,store,RANDALLS STOP N SHOP / HUDSON,93.75,top_driver
BLACK HAWK,2024-12-01,store,"METRO MART #3 / CEDAR FALLS",32.85,top_driver
BLACK HAWK,2024-12-01,store,"FAREWAY STORES #974 / CEDAR FALLS",31.45,top_driver
BLACK HAWK,2024-12-01,store,"FAREWAY STORES #190 / CEDAR FALLS",31.23,top_driver
BLACK HAWK,2024-12-01,store,NEIGHBORHOOD MART,2.3200000000000003,top_driver
BLACK HAWK,2024-12-01,store,THRIFTWAY / LA PORTE CITY,2.25,top_driver
BLACK HAWK,2024-12-01,store,PRIME MART / CEDAR FALLS,1.3,top_driver
BLACK HAWK,2024-12-01,store,"RAY'S SUPERMARKET, INC.",1.2999999999999998,top_driver
BLACK HAWK,2024-12-01,store,BROADWAY LIQUOR,1.07,top_driver
BOONE,2024-12-01,category,CANADIAN WHISKIES,51.38,top_driver
BOONE,2024-12-01,category,WHISKEY LIQUEUR,19.099999999999998,top_driver
BOONE,2024-12-01,category,AMERICAN BRANDIES,4.25,top_driver
BOONE,2024-12-01,category,FLAVORED RUM,4.0,top_driver
BOONE,2024-12-01,category,STRAIGHT BOURBON WHISKIES,-2.15,top_driver
BOONE,2024-12-01,category,IMPORTED CORDIALS & LIQUEURS,0.6499999999999999,top_driver
BOONE,2024-12-01,category,NEUTRAL GRAIN SPIRITS FLAVORED,-0.05,top_driver
BOONE,2024-12-01,category,AMERICAN VODKAS,0.0,top_driver
BOONE,2024-12-01,item,FIREBALL CINNAMON WHISKEY,4.799999999999999,top_driver
BOONE,2024-12-01,item,JIM BEAM MINI,-0.15000000000000002,top_driver
BOONE,2024-12-01,item,SMIRNOFF 80PRF MINI,-0.09999999999999999,top_driver
BOONE,2024-12-01,item,JIM BEAM PEACH MINI,-0.05,top_driver
BOONE,2024-12-01,item,MALIBU COCONUT,0.0,top_driver
BOONE,2024-12-01,store,HY-VEE WINE AND SPIRITS (1038) / BOONE,-214.55,top_driver
BOONE,2024-12-01,store,"FAREWAY STORES #384 / BOONE",-54.0,top_driver
BOONE,2024-12-01,store,"CASEY'S GENERAL STORE #24 / BOONE",18.599999999999998,top_driver
BOONE,2024-12-01,store,"FAREWAY STORES INC #229 / ODGEN",-1.07,top_driver
BOONE,2024-12-01,store,"CASEY'S GENERAL STORE #32 / MADRID",0.0,top_driver
BREMER,2024-12-01,category,WHISKEY LIQUEUR,-13.6,top_driver
BREMER,2024-12-01,category,BLENDED WHISKIES,13.5,top_driver
BREMER,2024-12-01,category,AMERICAN CORDIALS & LIQUEURS,1.7000000000000002,top_driver
BREMER,2024-12-01,category,AMERICAN VODKAS,0.5,top_driver
BREMER,2024-12-01,item,KINKY PINK MINI,1.75,top_driver
BREMER,2024-12-01,item,FIREBALL CINNAMON WHISKEY 100ML CARRIER,-0.8,top_driver
BREMER,2024-12-01,store,HY-VEE / WAVERLY,-13.700000000000001,top_driver
BREMER,2024-12-01,store,"FAREWAY STORES #561 / WAVERLY",12.8,top_driver
BREMER,2024-12-01,store,LIQUOR AND TOBACCO OUTLET /,-8.200000000000001,top_driver
BREMER,2024-12-01,store,"CASEY'S GENERAL STORE #3434  /  DENV",0.5,top_driver
BUCHANAN,2024-12-01,category,TENNESSEE WHISKIES,8.7,top_driver
BUCHANAN,2024-12-01,category,WHISKEY LIQUEUR,4.75,top_driver
BUCHANAN,2024-12-01,category,AMERICAN VODKAS,2.45,top_driver
BUCHANAN,2024-12-01,category,TEMPORARY & SPECIALTY PACKAGES,-0.75,top_driver
BUCHANAN,2024-12-01,category,BLENDED WHISKIES,0.7,top_driver
BUCHANAN,2024-12-01,category,CREAM LIQUEURS,-0.32,top_driver
BUCHANAN,2024-12-01,category,AMERICAN FLAVORED VODKA,-0.15000000000000002,top_driver
BUCHANAN,2024-12-01,item,FIREBALL CINNAMON WHISKEY PET,-24.5,top_driver
BUCHANAN,2024-12-01,item,HAWKEYE VODKA,-4.62,top_driver
BUCHANAN,2024-12-01,item,FIREBALL CINNAMON WHISKEY PARTY BUCKET,-0.05,top_driver
BUCHANAN,2024-12-01,store,HY-VEE DOLLAR FRESH / INDEPENDENCE,6.8,top_driver
BUCHANAN,2024-12-01,store,MINI-MART / INDEPENDENCE,6.65,top_driver
BUCHANAN,2024-12-01,store,THE SPOT SMOKE SHOP / INDEPENDENCE,1.15,top_driver
BUCHANAN,2024-12-01,store,"FAREWAY STORES #479 / INDEPENDENCE",0.75,top_driver
BUCHANAN,2024-12-01,store,"CASEY'S GENERAL STORE #1378 / JESUP",-0.5499999999999999,top_driver
BUENA VISTA,2024-12-01,category,CANADIAN WHISKIES,31.9,top_driver
BUENA VISTA,2024-12-01,category,WHISKEY LIQUEUR,-0.75,top_driver
BUENA VISTA,2024-12-01,category,COCKTAILS/RTD,0.0,top_driver
BUENA VISTA,2024-12-01,item,FIREBALL CINNAMON WHISKEY MINI DISPENSER,0.0,top_driver
BUENA VISTA,2024-12-01,store,MIDTOWN LIQUOR,15.0,top_driver
BUENA VISTA,2024-12-01,store,BEER THIRTY STORM LAKE / STORM LAKE,5.25,top_driver
BUENA VISTA,2024-12-01,store,"FAREWAY STORES #461 / STORM LAKE",-0.5499999999999999,top_driver
BUTLER,2024-12-01,category,WHISKEY LIQUEUR,0.8999999999999999,top_driver
BUTLER,2024-12-01,item,FIREBALL CINNAMON WHISKEY MINI SLEEVE,-0.6,top_driver
BUTLER,2024-12-01,item,FIREBALL CINNAMON WHISKEY 100ML CARRIER,0.4,top_driver
BUTLER,2024-12-01,store,"CASEY'S GENERAL STORE #2680 / CLARKS",0.4,top_driver
BUTLER,2024-12-01,store,"CASEY'S GENERAL STORE #2357 / ALLISON",-0.15000000000000002,top_driver
CALHOUN,2024-12-01,category,AMERICAN VODKAS,26.95,top_driver
CALHOUN,2024-12-01,category,CANADIAN WHISKIES,24.75,top_driver
CALHOUN,2024-12-01,category,WHISKEY LIQUEUR,0.7,top_driver
CALHOUN,2024-12-01,category,BLENDED WHISKIES,0.7,top_driver
CALHOUN,2024-12-01,item,FIREBALL CINNAMON WHISKEY MINI DISPENSER,-0.09999999999999998,top_driver
CALHOUN,2024-12-01,item,BLACK VELVET,0.0,top_driver
CALHOUN,2024-12-01,store,"FAREWAY STORES, INC. #222 / ROCKWELL CITY",53.2,top_driver
CALHOUN,2024-12-01,store,LAKE CITY FOOD CENTER,26.25,top_driver
CALHOUN,2024-12-01,store,"CASEY'S GENERAL STORE # 2517/ ROCKWELL CITY",-26.2,top_driver
CARROLL,2024-12-01,category,TENNESSEE WHISKIES,1.4200000000000002,top_driver
CARROLL,2024-12-01,category,AMERICAN FLAVORED VODKA,-1.35,top_driver
CARROLL,2024-12-01,category,AMERICAN VODKAS,0.5499999999999999,top_driver
CARROLL,2024-12-01,category,FLAVORED RUM,-0.25,top_driver
CARROLL,2024-12-01,category,CREAM LIQUEURS,0.1499999999999999,top_driver
CARROLL,2024-12-01,category,AMERICAN BRANDIES,0.0,top_driver
CARROLL,2024-12-01,category,STRAIGHT BOURBON WHISKIES,0.0,top_driver
CARROLL,2024-12-01,category,SINGLE MALT SCOTCH,0.0,top_driver
CARROLL,2024-12-01,item,PARAMOUNT BLACKBERRY BRANDY,-3.25,top_driver
CARROLL,2024-12-01,item,NEW AMSTERDAM 80PRF MINI,-0.5,top_driver
CARROLL,2024-12-01,item,"JACK DANIELS OLD #7 BLACK LABEL MINI",0.5,top_driver
CARROLL,2024-12-01,item,BAILEYS ORIGINAL IRISH CREAM,0.5,top_driver
CARROLL,2024-12-01,item,JIM BEAM,-0.3700000000000001,top_driver
CARROLL,2024-12-01,item,MALIBU COCONUT,-0.25,top_driver
CARROLL,2024-12-01,store,HY-VEE FOOD STORE / CARROLL,34.419999999999995,top_driver
CARROLL,2024-12-01,store,FROHLICH'S SUPER VALU,1.25,top_driver
CARROLL,2024-12-01,store,"CASEY'S GENERAL STORE #3025 / CARROLL",-1.0,top_driver
CARROLL,2024-12-01,store,MAIN STREET LIQUORS / MANNING,-0.30000000000000004,top_driver
CARROLL,2024-12-01,store,"CASEY'S GENERAL STORE #3082 / CARROLL",0.0,top_driver
CASS,2024-12-01,category,WHISKEY LIQUEUR,1.55,top_driver
CASS,2024-12-01,category,STRAIGHT BOURBON WHISKIES,0.0,top_driver
CASS,2024-12-01,store,HY-VEE WINE AND SPIRITS / ATLANTIC,6.72,top_driver
CEDAR,2024-12-01,category,AMERICAN VODKAS,3.3200000000000003,top_driver
CEDAR,2024-12-01,category,STRAIGHT BOURBON WHISKIES,1.15,top_driver
CEDAR,2024-12-01,category,WHISKEY LIQUEUR,0.5,top_driver
CEDAR,2024-12-01,category,AMERICAN CORDIALS & LIQUEURS,0.0,top_driver
CEDAR,2024-12-01,item,FIREBALL CINNAMON WHISKEY MINI SLEEVE,-1.2000000000000002,top_driver
CEDAR,2024-12-01,item,99 WATERMELON PET MINI,0.0,top_driver
CEDAR,2024-12-01,store,"KUM & GO #254 / WEST BRANCH",0.8500000000000001,top_driver
CEDAR,2024-12-01,store,TIPTON FAMILY FOODS,0.7,top_driver
CEDAR,2024-12-01,store,JEFF'S MARKET / DURANT,0.65,top_driver
CEDAR,2024-12-01,store,"CASEY'S GENERAL STORE #2989 / MECHANICSVILLE",0.25,top_driver
CERRO GORDO,2024-12-01,category,AMERICAN VODKAS,-600.52,top_detractor
CERRO GORDO,2024-12-01,category,CREAM LIQUEURS,-103.45,top_detractor
CERRO GORDO,2024-12-01,category,100% AGAVE TEQUILA,-92.95,top_detractor
CERRO GORDO,2024-12-01,category,IMPORTED DISTILLED SPIRITS SPECIALTY,-6.75,top_detractor
CERRO GORDO,2024-12-01,category,IMPORTED CORDIALS & LIQUEURS,-1.13,top_detractor
CERRO GORDO,2024-12-01,category,AMERICAN FLAVORED VODKA,-1.0999999999999999,top_detractor
CERRO GORDO,2024-12-01,category,AMERICAN SCHNAPPS,-0.7999999999999999,top_detractor
CERRO GORDO,2024-12-01,category,WHISKEY LIQUEUR,126.44999999999999,top_driver
CERRO GORDO,2024-12-01,category,CANADIAN WHISKIES,37.15,top_driver
CERRO GORDO,2024-12-01,category,SCOTCH WHISKIES,0.75,top_driver
CERRO GORDO,2024-12-01,category,IRISH WHISKIES,-0.6,top_driver
CERRO GORDO,2024-12-01,category,AMERICAN CORDIALS & LIQUEURS,0.6,top_driver
CERRO GORDO,2024-12-01,category,IMPORTED SCHNAPPS,-0.6,top_driver
CERRO GORDO,2024-12-01,category,TENNESSEE WHISKIES,0.18,top_driver
CERRO GORDO,2024-12-01,category,STRAIGHT BOURBON WHISKIES,0.04999999999999993,top_driver
CERRO GORDO,2024-12-01,category,AGED DARK RUM,0.0,top_driver
CERRO GORDO,2024-12-01,category,FLAVORED RUM,0.0,top_driver
CERRO GORDO,2024-12-01,item,TITOS HANDMADE VODKA,-600.42,top_detractor
CERRO GORDO,2024-12-01,item,KINKY BLUE MINI,-0.6,top_detractor
CERRO GORDO,2024-12-01,item,NEW AMSTERDAM GRAPEFRUIT MINI,-0.45,top_detractor
CERRO GORDO,2024-12-01,item,99 APPLES MINI DISPLAY,0.0,top_detractor
CERRO GORDO,2024-12-01,item,FIREBALL CINNAMON WHISKEY PET,126.0,top_driver
CERRO GORDO,2024-12-01,item,FIREBALL CINNAMON WHISKEY MINI SLEEVE,1.7999999999999998,top_driver
CERRO GORDO,2024-12-01,item,DR MCGILLICUDDYS APPLE PIE MINI,0.44999999999999996,top_driver
CERRO GORDO,2024-12-01,item,RUMCHATA COCONUT MINI,0.05,top_driver
CERRO GORDO,2024-12-01,item,"JACK DANIELS OLD #7 BLACK LABEL MINI",0.0,top_driver
CERRO GORDO,2024-12-01,item,99 ROOT BEER MINI,0.0,top_driver
CERRO GORDO,2024-12-01,item,CRUZAN VANILLA,0.0,top_driver
CERRO GORDO,2024-12-01,item,FIREBALL CINNAMON WHISKEY MINI DISPENSER,0.0,top_driver
CERRO GORDO,2024-12-01,item,CARIBOU CROSSING,0.0,top_driver
CERRO GORDO,2024-12-01,item,CROWN ROYAL MINI,0.0,top_driver
CERRO GORDO,2024-12-01,store,"YESWAY STORE # 10011/ MASON CITY",-33.5,top_detractor
CERRO GORDO,2024-12-01,store,"HY-VEE FOOD STORE #1 (1410) / MASON CITY",-30.22999999999999,top_detractor
CERRO GORDO,2024-12-01,store,"HY-VEE #2 FOOD STORE / MASON CITY",123.58,top_driver
CERRO GORDO,2024-12-01,store,"FAREWAY STORES #491 / MASON CITY",45.65,top_driver
CERRO GORDO,2024-12-01,store,LAKE LIQUORS WINE AND SPIRITS,31.5,top_driver
CERRO GORDO,2024-12-01,store,NORTHSIDE LIQUOR AND GROCERY / MASON CITY,-5.75,top_driver
CERRO GORDO,2024-12-01,store,QUICK SHOP LIQUOR AND VAPE / CLEAR LAKE,2.3,top_driver
CERRO GORDO,2024-12-01,store,LIQUOR TOBACCO & GROCERY - MASON CITY,-1.55,top_driver
CERRO GORDO,2024-12-01,store,"CASEY'S GENERAL STORE #2437 / MASON CITY",-1.5,top_driver
CERRO GORDO,2024-12-01,store,HY-VEE DRUGSTORE / MASON CITY,-0.25,top_driver
CERRO GORDO,2024-12-01,store,MID TOWN LIQUOR & VAPE / MASON CITY,0.20000000000000007,top_driver
CERRO GORDO,2024-12-01,store,"MALIK'S #3 / MASON CITY",0.0,top_driver
CHEROKEE,2024-12-01,category,AMERICAN VODKAS,-1.77,top_driver
CHEROKEE,2024-12-01,category,100% AGAVE TEQUILA,-0.75,top_driver
CHEROKEE,2024-12-01,store,WORLD LIQUOR AND TOBACCO PLUS VAPORS /  CHEROKEE,-1.77,top_driver
CHEROKEE,2024-12-01,store,"FAREWAY STORES #502 / CHEROKEE",0.0,top_driver
CHICKASAW,2024-12-01,category,AMERICAN VODKAS,-0.5,top_driver
CHICKASAW,2024-12-01,item,SMIRNOFF 80PRF MINI,-0.5,top_driver
CHICKASAW,2024-12-01,store,"CASEY'S GENERAL STORE #2513 / NASHUA",-31.4,top_driver
CHICKASAW,2024-12-01,store,"FAREWAY STORES #922 / NEW HAMPTON",-0.3700000000000001,top_driver
CLARKE,2024-12-01,category,WHISKEY LIQUEUR,-0.6500000000000001,top_driver
CLARKE,2024-12-01,category,AMERICAN CORDIALS & LIQUEURS,0.0,top_driver
CLARKE,2024-12-01,item,FIREBALL CINNAMON WHISKEY MINI SLEEVE,-1.2,top_driver
CLARKE,2024-12-01,store,"CASEY'S GENERAL STORE #3212 / OSCEOLA",-1.2499999999999998,top_driver
CLARKE,2024-12-01,store,OSCEOLA LIQUOR LLC / OSCEOLA,0.0,top_driver
CLAY,2024-12-01,category,WHISKEY LIQUEUR,-102.64999999999999,top_driver
CLAY,2024-12-01,category,MIXTO TEQUILA,-71.95,top_driver
CLAY,2024-12-01,category,NEUTRAL GRAIN SPIRITS FLAVORED,22.4,top_driver
CLAY,2024-12-01,category,STRAIGHT BOURBON WHISKIES,-2.9299999999999997,top_driver
CLAY,2024-12-01,category,IMPORTED CORDIALS & LIQUEURS,-0.74,top_driver
CLAY,2024-12-01,category,IMPORTED VODKAS,0.7,top_driver
CLAY,2024-12-01,category,TENNESSEE WHISKIES,0.6,top_driver
CLAY,2024-12-01,category,AMERICAN CORDIALS & LIQUEURS,0.0,top_driver
CLAY,2024-12-01,item,SOUTHERN COMFORT,-1.6,top_driver
CLAY,2024-12-01,item,MAKERS MARK REPLICA,-0.38,top_driver
CLAY,2024-12-01,item,JACK DANIELS TENNESSEE HONEY MINI,0.0,top_driver
CLAY,2024-12-01,item,"JACK DANIELS OLD #7 BLACK LABEL",0.0,top_driver
CLAY,2024-12-01,store,HY-VEE FOOD STORE (1636) / SPENCER,-5.929999999999996,top_driver
CLAY,2024-12-01,store,C'S LIQUOR STORE,1.08,top_driver
CLAYTON,2024-12-01,category,IMPORTED VODKAS,-0.7,top_driver
CLAYTON,2024-12-01,category,CANADIAN WHISKIES,-0.65,top_driver
CLAYTON,2024-12-01,category,AMERICAN FLAVORED VODKA,0.55,top_driver
CLAYTON,2024-12-01,category,AMERICAN DRY GINS,0.0,top_driver
CLAYTON,2024-12-01,item,BLACK VELVET MINI,-0.35000000000000003,top_driver
CLAYTON,2024-12-01,store,QUILLINS QUALITY FOODS MONONA,0.75,top_driver
CLAYTON,2024-12-01,store,ELKADER PIT STOP / ELKADER,0.1499999999999999,top_driver
CLINTON,2024-12-01,category,AMERICAN SCHNAPPS,-60.65,top_detractor
CLINTON,2024-12-01,category,IMPORTED CORDIALS & LIQUEURS,-28.5,top_detractor
CLINTON,2024-12-01,category,TENNESSEE WHISKIES,-11.850000000000001,top_detractor
CLINTON,2024-12-01,category,TEMPORARY & SPECIALTY PACKAGES,-2.2,top_detractor
CLINTON,2024-12-01,category,SPICED RUM,35.4,top_driver
CLINTON,2024-12-01,category,AMERICAN DRY GINS,3.3000000000000007,top_driver
CLINTON,2024-12-01,category,STRAIGHT BOURBON WHISKIES,-1.25,top_driver
CLINTON,2024-12-01,category,WHITE RUM,-0.75,top_driver
CLINTON,2024-12-01,category,WHISKEY LIQUEUR,-0.4,top_driver
CLINTON,2024-12-01,category,AMERICAN CORDIALS & LIQUEURS,0.35,top_driver
CLINTON,2024-12-01,category,CREAM LIQUEURS,-0.25,top_driver
CLINTON,2024-12-01,category,AMERICAN VODKAS,0.19999999999999996,top_driver
CLINTON,2024-12-01,category,IMPORTED VODKAS,-0.05,top_driver
CLINTON,2024-12-01,category,NEUTRAL GRAIN SPIRITS FLAVORED,0.0,top_driver
CLINTON,2024-12-01,item,CAPTAIN MORGAN ORIGINAL SPICED,-108.0,top_driver
CLINTON,2024-12-01,item,ARROW PEPPERMINT SCHNAPPS MINI,-0.5499999999999999,top_driver
CLINTON,2024-12-01,item,SMIRNOFF 80PRF MINI,0.5,top_driver
CLINTON,2024-12-01,item,TEQUILA ROSE LIQUEUR MINI,-0.25,top_driver
CLINTON,2024-12-01,item,FIREBALL CINNAMON WHISKEY MINI DISPENSER,0.04999999999999999,top_driver
CLINTON,2024-12-01,item,OLE SMOKY SALTY CARAMEL WHISKEY MINI,0.0,top_driver
CLINTON,2024-12-01,item,FIREBALL CINNAMON WHISKEY 100ML CARRIER,0.0,top_driver
CLINTON,2024-12-01,item,99 PEACHES PET MINI,0.0,top_driver
CLINTON,2024-12-01,item,OLE SMOKY WHITE CHOCOLATE STRAWBERRY MOONSHINE MINI,0.0,top_driver
CLINTON,2024-12-01,item,BACARDI SUPERIOR,0.0,top_driver
CLINTON,2024-12-01,store,RANDY'S NEIGHBORHOOD MARKET,-1.9500000000000002,top_driver
CLINTON,2024-12-01,store,"SMOKIN' JOE'S TOBACCO & LIQUOR OUTLET #03 / CLINTON",1.45,top_driver
CLINTON,2024-12-01,store,AMBYSURE INC / CLINTON,0.8999999999999999,top_driver
CLINTON,2024-12-01,store,ANOTHER ROUND / DEWITT,0.75,top_driver
CLINTON,2024-12-01,store,SA TOBACCO LIQUOR MART / CLINTON,-0.5499999999999999,top_driver
CLINTON,2024-12-01,store,HY-VEE FOOD AND DRUG / CLINTON,0.5,top_driver
CLINTON,2024-12-01,store,DAY BREAK / WHEATLAND,0.20000000000000007,top_driver
CLINTON,2024-12-01,store,"OSCO #1118 / CLINTON",0.15000000000000002,top_driver
CLINTON,2024-12-01,store,GATEWAY MART / CLINTON,-0.1499999999999999,top_driver
CLINTON,2024-12-01,store,DEWITT TRAVEL MART,0.04999999999999999,top_driver
CRAWFORD,2024-12-01,category,AMERICAN SCHNAPPS,0.05,top_driver
CRAWFORD,2024-12-01,store,HY-VEE WINE AND SPIRITS / DENISON,-399.7,top_driver
DALLAS,2024-12-01,category,SPICED RUM,-629.25,top_detractor
DALLAS,2024-12-01,category,IMPORTED VODKAS,-179.25,top_detractor
DALLAS,2024-12-01,category,STRAIGHT BOURBON WHISKIES,-61.55,top_detractor
DALLAS,2024-12-01,category,BLENDED WHISKIES,-27.7,top_detractor
DALLAS,2024-12-01,category,CREAM LIQUEURS,-12.0,top_detractor
DALLAS,2024-12-01,category,WHISKEY LIQUEUR,143.04999999999998,top_driver
DALLAS,2024-12-01,category,CANADIAN WHISKIES,-8.07,top_driver
DALLAS,2024-12-01,category,FLAVORED GIN,-4.549999999999997,top_driver
DALLAS,2024-12-01,category,IRISH WHISKIES,-4.2,top_driver
DALLAS,2024-12-01,category,AMERICAN VODKAS,-3.85,top_driver
DALLAS,2024-12-01,category,100% AGAVE TEQUILA,3.45,top_driver
DALLAS,2024-12-01,category,IMPORTED BRANDIES,-1.07,top_driver
DALLAS,2024-12-01,category,AMERICAN FLAVORED VODKA,1.05,top_driver
DALLAS,2024-12-01,category,AMERICAN SCHNAPPS,-0.05,top_driver
DALLAS,2024-12-01,category,IMPORTED DISTILLED SPIRITS SPECIALTY,0.0,top_driver
DALLAS,2024-12-01,item,BUFFALO TRACE BOURBON CREAM,107.25,top_driver
DALLAS,2024-12-01,item,FIREBALL CINNAMON WHISKEY MINI SLEEVE,-5.4,top_driver
DALLAS,2024-12-01,item,REVELTON MULBERRY GIN,-4.5,top_driver
DALLAS,2024-12-01,item,CAPTAIN MORGAN ORIGINAL SPICED,-1.12,top_driver
DALLAS,2024-12-01,item,SKREWBALL PEANUT BUTTER WHISKEY MINI,-0.5499999999999999,top_driver
DALLAS,2024-12-01,item,CROWN ROYAL MINI,0.5,top_driver
DALLAS,2024-12-01,item,HAWKEYE VODKA MINI,0.0,top_driver
DALLAS,2024-12-01,item,99 STRAWBERRIES MINI,0.0,top_driver
DALLAS,2024-12-01,store,WALL TO WALL WINE AND SPIRITS / WEST DES MOINES,-666.6,top_driver
DALLAS,2024-12-01,store,"COSTCO WHOLESALE #788 / WDM",247.5,top_driver
DALLAS,2024-12-01,store,HY-VEE / WAUKEE,104.4,top_driver
DALLAS,2024-12-01,store,"FAREWAY STORES #470 / PERRY",-2.5,top_driver
DALLAS,2024-12-01,store,"CASEY'S GENERAL STORE #2553 / REDFIELD",0.95,top_driver
DALLAS,2024-12-01,store,"KUM & GO #1202 / WAUKEE",-0.95,top_driver
DALLAS,2024-12-01,store,"CASEY'S GENERAL STORE # 2179/ WAUKEE",0.75,top_driver
DALLAS,2024-12-01,store,STAR LIQUOR TOBACCO AND VAPE / WAUKEE,-0.27000000000000046,top_driver
DALLAS,2024-12-01,store,"CASEY'S GENERAL STORE #91 / DALLAS CENTER",0.15000000000000002,top_driver
DALLAS,2024-12-01,store,"KUM & GO #2093 / ADEL",0.0,top_driver
DELAWARE,2024-12-01,category,TENNESSEE WHISKIES,0.7,top_driver
DELAWARE,2024-12-01,category,BLENDED WHISKIES,0.15000000000000002,top_driver
DELAWARE,2024-12-01,category,100% AGAVE TEQUILA,0.0,top_driver
DELAWARE,2024-12-01,item,SKREWBALL PEANUT BUTTER WHISKEY MINI,0.0,top_driver
DELAWARE,2024-12-01,store,CORK 'N BOTTLE / MANCHESTER,0.8,top_driver
DES MOINES,2024-12-01,category,BLENDED WHISKIES,-1.35,top_detractor
DES MOINES,2024-12-01,category,STRAIGHT BOURBON WHISKIES,-1.1799999999999997,top_detractor
DES MOINES,2024-12-01,category,AMERICAN VODKAS,1022.7,top_driver
DES MOINES,2024-12-01,category,COFFEE LIQUEURS,44.95,top_driver
DES MOINES,2024-12-01,category,CANADIAN WHISKIES,32.989999999999995,top_driver
DES MOINES,2024-12-01,category,WHISKEY LIQUEUR,2.1999999999999997,top_driver
DES MOINES,2024-12-01,category,AMERICAN FLAVORED VODKA,2.1500000000000004,top_driver
DES MOINES,2024-12-01,category,100% AGAVE TEQUILA,-0.8799999999999999,top_driver
DES MOINES,2024-12-01,category,TEMPORARY & SPECIALTY PACKAGES,0.7,top_driver
DES MOINES,2024-12-01,category,AMERICAN DRY GINS,0.4,top_driver
DES MOINES,2024-12-01,category,TENNESSEE WHISKIES,-0.15000000000000002,top_driver
DES MOINES,2024-12-01,category,NEUTRAL GRAIN SPIRITS FLAVORED,0.0,top_driver
DES MOINES,2024-12-01,item,NIKOLAI VODKA,787.5,top_driver
DES MOINES,2024-12-01,item,BLACK VELVET,24.37,top_driver
DES MOINES,2024-12-01,item,FIREBALL CINNAMON WHISKEY MINI SLEEVE,1.7999999999999998,top_driver
DES MOINES,2024-12-01,item,CROWN ROYAL PEACH,0.8700000000000001,top_driver
DES MOINES,2024-12-01,item,JACK DANIELS TENNESSEE HONEY MINI,0.5499999999999999,top_driver
DES MOINES,2024-12-01,item,WILD TURKEY 101,-0.38,top_driver
DES MOINES,2024-12-01,store,GASLAND / BURLINGTON,-26.68,top_detractor
DES MOINES,2024-12-01,store,"CIRCLE K #4706601 / BURLINGTON",-2.1,top_detractor
DES MOINES,2024-12-01,store,"HY-VEE FOOD STORE #1 (1042) / BURLINGTON",1049.25,top_driver
DES MOINES,2024-12-01,store,"HY-VEE #2 (1044) / BURLINGTON",37.95,top_driver
DES MOINES,2024-12-01,store,IOWA SPIRITS / BURLINGTON,31.35,top_driver
DES MOINES,2024-12-01,store,"CASEY'S GENERAL STORE #2019 / WEST BURLINGTON",2.35,top_driver
DES MOINES,2024-12-01,store,LIGHTNING LIQUOR AND SMOKE SHOP - BURLINGTON,1.52,top_driver
DES MOINES,2024-12-01,store,"SMOKIN' JOE'S #17 TOBACCO AND LIQUOR OUTLET",1.0700000000000003,top_driver
DES MOINES,2024-12-01,store,MEPO FOODS / MEDIAPOLIS,-0.75,top_driver
DES MOINES,2024-12-01,store,"MK MINIMART, INC",0.5700000000000001,top_driver
DES MOINES,2024-12-01,store,WESTLAND FAST BREAK,-0.44999999999999996,top_driver
DES MOINES,2024-12-01,store,SHERPA LIQUOR & TOBACCO OUTLET 1 / BURLINGTON,-0.35,top_driver
DICKINSON,2024-12-01,category,AMERICAN VODKAS,-77.4,top_driver
DICKINSON,2024-12-01,category,CANADIAN WHISKIES,-53.06999999999999,top_driver
DICKINSON,2024-12-01,category,IMPORTED DISTILLED SPIRITS SPECIALTY,-35.25,top_driver
DICKINSON,2024-12-01,category,IMPORTED CORDIALS & LIQUEURS,-0.7,top_driver
DICKINSON,2024-12-01,category,MIXTO TEQUILA,-0.35,top_driver
DICKINSON,2024-12-01,category,STRAIGHT BOURBON WHISKIES,-0.25,top_driver
DICKINSON,2024-12-01,category,IRISH WHISKIES,0.0,top_driver
DICKINSON,2024-12-01,category,SINGLE MALT SCOTCH,0.0,top_driver
DICKINSON,2024-12-01,item,BLACK VELVET,-59.4,top_driver
DICKINSON,2024-12-01,item,JOSE CUERVO ESPECIAL REPOSADO,-0.6,top_driver
DICKINSON,2024-12-01,item,CROWN ROYAL REGAL APPLE,0.20000000000000007,top_driver
DICKINSON,2024-12-01,item,FIVE O'CLOCK VODKA,0.0,top_driver
DICKINSON,2024-12-01,item,LAGAVULIN 16YR,0.0,top_driver
DICKINSON,2024-12-01,item,TITOS HANDMADE VODKA MINI,0.0,top_driver
DICKINSON,2024-12-01,item,BIB & TUCKER SMALL BATCH BOURBON AGED 6YR,0.0,top_driver
DICKINSON,2024-12-01,store,HY-VEE WINE AND SPIRITS (1628) / SPIRIT LAKE,-91.7,top_driver
DICKINSON,2024-12-01,store,TOBACCO SHOP / ARNOLDS PARK,-36.15,top_driver
DICKINSON,2024-12-01,store,OKOBOJI AVENUE LIQUOR,-36.0,top_driver
DICKINSON,2024-12-01,store,"CASEY'S GENERAL STORE #1315 / ARNOLDS PARK",0.0,top_driver
DICKINSON,2024-12-01,store,"CASEY'S GENERAL STORE #2487 / SPIRIT LAKE",0.0,top_driver
DUBUQUE,2024-12-01,category,AMERICAN VODKAS,-623.55,top_detractor
DUBUQUE,2024-12-01,category,BLENDED WHISKIES,-174.35,top_detractor
DUBUQUE,2024-12-01,category,TENNESSEE WHISKIES,-167.9,top_detractor
DUBUQUE,2024-12-01,category,AMERICAN DRY GINS,-103.88,top_detractor
DUBUQUE,2024-12-01,category,AMERICAN CORDIALS & LIQUEURS,-1.0,top_detractor
DUBUQUE,2024-12-01,category,IMPORTED BRANDIES,-0.6700000000000002,top_detractor
DUBUQUE,2024-12-01,category,NEUTRAL GRAIN SPIRITS,-0.35000000000000003,top_detractor
DUBUQUE,2024-12-01,category,AMERICAN FLAVORED VODKA,-0.1499999999999999,top_detractor
DUBUQUE,2024-12-01,category,IMPORTED VODKAS,62.55,top_driver
DUBUQUE,2024-12-01,category,STRAIGHT BOURBON WHISKIES,44.15,top_driver
DUBUQUE,2024-12-01,category,TEMPORARY & SPECIALTY PACKAGES,30.75,top_driver
DUBUQUE,2024-12-01,category,CREAM LIQUEURS,18.45,top_driver
DUBUQUE,2024-12-01,category,IMPORTED DISTILLED SPIRITS SPECIALTY,6.38,top_driver
DUBUQUE,2024-12-01,category,100% AGAVE TEQUILA,4.849999999999994,top_driver
DUBUQUE,2024-12-01,category,WHISKEY LIQUEUR,1.0699999999999994,top_driver
DUBUQUE,2024-12-01,category,MIXTO TEQUILA,1.0499999999999998,top_driver
DUBUQUE,2024-12-01,category,CANADIAN WHISKIES,-0.04999999999999982,top_driver
DUBUQUE,2024-12-01,category,AMERICAN SCHNAPPS,0.0,top_driver
DUBUQUE,2024-12-01,item,ABSOLUT SWEDISH VODKA 80PRF,-63.0,top_detractor
DUBUQUE,2024-12-01,item,SMIRNOFF 80PRF,-0.75,top_detractor
DUBUQUE,2024-12-01,item,KINKY PINK MINI,-0.5499999999999999,top_detractor
DUBUQUE,2024-12-01,item,ABSOLUT SWEDISH VODKA 80PRF MINI,-0.45,top_detractor
DUBUQUE,2024-12-01,item,SOUTHERN COMFORT MINI,-0.4,top_detractor
DUBUQUE,2024-12-01,item,OLE SMOKY BLUE FLAME MOONSHINE MINI,-0.35000000000000003,top_detractor
DUBUQUE,2024-12-01,item,TITOS HANDMADE VODKA MINI,-0.25,top_detractor
DUBUQUE,2024-12-01,item,PATRON REPOSADO 200ML,-0.19999999999999996,top_detractor
DUBUQUE,2024-12-01,item,"JACK DANIELS OLD #7 BLACK LABEL MINI",-0.04999999999999999,top_detractor
DUBUQUE,2024-12-01,item,PATRON SILVER,0.0,top_detractor
DUBUQUE,2024-12-01,item,JIM BEAM,41.95,top_driver
DUBUQUE,2024-12-01,item,TITOS HANDMADE VODKA,6.0,top_driver
DUBUQUE,2024-12-01,item,FIREBALL CINNAMON WHISKEY 100ML CARRIER,0.7999999999999998,top_driver
DUBUQUE,2024-12-01,item,SEAGRAMS EXTRA DRY GIN,0.7500000000000001,top_driver
DUBUQUE,2024-12-01,item,SOUTHERN COMFORT,0.6700000000000002,top_driver
DUBUQUE,2024-12-01,item,JIM BEAM MINI,0.5499999999999999,top_driver
DUBUQUE,2024-12-01,item,SMIRNOFF 80PRF MINI,0.5,top_driver
DUBUQUE,2024-12-01,item,UV RED CHERRY MINI,0.44999999999999996,top_driver
DUBUQUE,2024-12-01,item,MCCORMICK 80PRF VODKA MINI,0.25,top_driver
DUBUQUE,2024-12-01,item,JOSE CUERVO ESPECIAL REPOSADO MINI,0.09999999999999999,top_driver
DUBUQUE,2024-12-01,store,"HY-VEE FOOD STORE #1 (1159) / DUBUQUE",-817.1700000000001,top_detractor
DUBUQUE,2024-12-01,store,SAM'S CLUB 4973 / DUBUQUE,-64.5,top_detractor
DUBUQUE,2024-12-01,store,"HY-VEE #2 / DUBUQUE",-41.75,top_detractor
DUBUQUE,2024-12-01,store,"HY-VEE #3 / DUBUQUE",-31.25,top_detractor
DUBUQUE,2024-12-01,store,"LIQUOR, TOBACCO & GROCERY / DUBUQUE",-22.45,top_detractor
DUBUQUE,2024-12-01,store,NORTH SIDE LIQUOR & TOBACCO / DUBUQUE,-7.300000000000002,top_detractor
DUBUQUE,2024-12-01,store,DUBUQUE WINE & SPIRITS,-2.5999999999999996,top_detractor
DUBUQUE,2024-12-01,store,KWIK STOP FOOD MART / DUBUQUE,-1.77,top_detractor
DUBUQUE,2024-12-01,store,"BROTHERS MARKET, INC. / CASCADE",-0.75,top_detractor
DUBUQUE,2024-12-01,store,"HARTIG DRUG COMPANY #2 / LOCUST",-0.6,top_detractor
DUBUQUE,2024-12-01,store,SID'S BEVERAGE SHOP,34.99999999999999,top_driver
DUBUQUE,2024-12-01,store,SUPER STOP IV - DUBUQUE,2.35,top_driver
DUBUQUE,2024-12-01,store,"CASEY'S GENERAL STORE #2421 / DUBUQUE",1.9,top_driver
DUBUQUE,2024-12-01,store,"BIG 10 MART #11 / DUBUQUE",1.1700000000000002,top_driver
DUBUQUE,2024-12-01,store,EZ STOP 1 / DUBUQUE,0.5499999999999999,top_driver
DUBUQUE,2024-12-01,store,"CASEY'S GENERAL STORE #2561 / FARLEY",0.25,top_driver
DUBUQUE,2024-12-01,store,"FAREWAY STORES #114 / DUBUQUE",0.15000000000000002,top_driver
DUBUQUE,2024-12-01,store,DOWNTOWN GAS AND GROCERY / DUBUQUE,0.10000000000000002,top_driver
DUBUQUE,2024-12-01,store,"HARTIG DRUG COMPANY #3/JFK",0.0,top_driver
DUBUQUE,2024-12-01,store,MCDERMOTT OIL CO,0.0,top_driver
EMMET,2024-12-01,category,WHISKEY LIQUEUR,1.45,top_driver
EMMET,2024-12-01,category,AMERICAN VODKAS,0.39999999999999997,top_driver
EMMET,2024-12-01,item,FIREBALL CINNAMON WHISKEY MINI SLEEVE,0.5999999999999999,top_driver
EMMET,2024-12-01,item,FIREBALL CINNAMON WHISKEY MINI DISPENSER,-0.14999999999999997,top_driver
EMMET,2024-12-01,item,HAWKEYE VODKA MINI,0.0,top_driver
EMMET,2024-12-01,store,"CASEY'S GENERAL STORE #3034 / ESTHERVILLE",1.5999999999999999,top_driver
EMMET,2024-12-01,store,"CASEY'S GENERAL STORE #1328 / ESTHERVILLE",0.45000000000000007,top_driver
FAYETTE,2024-12-01,category,AMERICAN VODKAS,-30.9,top_driver
FAYETTE,2024-12-01,category,AMERICAN SCHNAPPS,14.35,top_driver
FAYETTE,2024-12-01,category,WHISKEY LIQUEUR,0.5499999999999999,top_driver
FAYETTE,2024-12-01,category,TEMPORARY & SPECIALTY PACKAGES,0.0,top_driver
FAYETTE,2024-12-01,item,FIREBALL CINNAMON WHISKEY MINI SLEEVE,-1.1999999999999997,top_driver
FAYETTE,2024-12-01,item,HAWKEYE VODKA MINI,0.0,top_driver
FAYETTE,2024-12-01,store,SUPER MART / OELWEIN,13.65,top_driver
FAYETTE,2024-12-01,store,OELWEIN MART / OELWEIN,-0.050000000000000044,top_driver
FAYETTE,2024-12-01,store,"CASEY'S GENERAL STORE #3452 / WEST U",0.0,top_driver
FAYETTE,2024-12-01,store,6 CORNERS GAS & GRUB,0.0,top_driver
FAYETTE,2024-12-01,store,"CASEY'S GENERAL STORE #2682 / OELWEIN",0.0,top_driver
FLOYD,2024-12-01,category,AMERICAN SCHNAPPS,-27.0,top_driver
FLOYD,2024-12-01,category,WHISKEY LIQUEUR,-1.0999999999999999,top_driver
FLOYD,2024-12-01,category,CANADIAN WHISKIES,-0.75,top_driver
FLOYD,2024-12-01,category,STRAIGHT BOURBON WHISKIES,-0.65,top_driver
FLOYD,2024-12-01,category,CREAM LIQUEURS,0.0,top_driver
FLOYD,2024-12-01,item,FIREBALL CINNAMON WHISKEY 100ML CARRIER,-0.7000000000000001,top_driver
FLOYD,2024-12-01,item,JIM BEAM PEACH MINI,0.1,top_driver
FLOYD,2024-12-01,item,CROWN ROYAL PEACH,0.0,top_driver
FLOYD,2024-12-01,item,TEQUILA ROSE LIQUEUR MINI,0.0,top_driver
FLOYD,2024-12-01,store,"CASEY'S GENERAL STORE #1139 / NORA SPRINGS",-1.0499999999999998,top_driver
FLOYD,2024-12-01,store,HY-VEE / CHARLES CITY,0.04999999999999999,top_driver
FRANKLIN,2024-12-01,store,"FAREWAY STORES #902 / HAMPTON",-29.95,top_driver
FREMONT,2024-12-01,category,WHISKEY LIQUEUR,1.15,top_driver
FREMONT,2024-12-01,item,FIREBALL CINNAMON WHISKEY MINI SLEEVE,0.6,top_driver
FREMONT,2024-12-01,store,"CASEY'S GENERAL STORE #1503 / TABOR",-0.6700000000000002,top_driver
GREENE,2024-12-01,category,WHISKEY LIQUEUR,-1.95,top_driver
GREENE,2024-12-01,store,"CASEY'S GENERAL STORE #1617 / JEFFERSON",-0.2,top_driver
GRUNDY,2024-12-01,category,CANADIAN WHISKIES,-62.5,top_driver
GRUNDY,2024-12-01,category,AMERICAN VODKAS,30.75,top_driver
GRUNDY,2024-12-01,store,"CASEY'S GENERAL STORE #3055 / GRUNDY CENTER",31.9,top_driver
GRUNDY,2024-12-01,store,BROTHERS MARKET  /  GRUNDY CENTER,3.95,top_driver
GUTHRIE,2024-12-01,category,WHISKEY LIQUEUR,1.07,top_driver
GUTHRIE,2024-12-01,category,AMERICAN VODKAS,-0.5,top_driver
GUTHRIE,2024-12-01,item,FIREBALL CINNAMON WHISKEY,-1.87,top_driver
GUTHRIE,2024-12-01,item,TITOS HANDMADE VODKA MINI,0.2,top_driver
GUTHRIE,2024-12-01,store,HOMETOWN FOODS / STUART,-34.88,top_driver
GUTHRIE,2024-12-01,store,"KWIK STAR #1289 / STUART",0.2,top_driver
HAMILTON,2024-12-01,category,FLAVORED RUM,-1.07,top_driver
HAMILTON,2024-12-01,category,SINGLE BARREL BOURBON WHISKIES,0.75,top_driver
HAMILTON,2024-12-01,category,STRAIGHT BOURBON WHISKIES,-0.3700000000000001,top_driver
HAMILTON,2024-12-01,category,WHISKEY LIQUEUR,0.05000000000000002,top_driver
HAMILTON,2024-12-01,category,AMERICAN VODKAS,-0.05,top_driver
HAMILTON,2024-12-01,category,TENNESSEE WHISKIES,0.0,top_driver
HAMILTON,2024-12-01,item,TITOS HANDMADE VODKA MINI,-0.05,top_driver
HAMILTON,2024-12-01,item,FIREBALL CINNAMON WHISKEY PARTY BUCKET,0.0,top_driver
HAMILTON,2024-12-01,item,JACK DANIELS TENNESSEE HONEY MINI,0.0,top_driver
HAMILTON,2024-12-01,store,"CASEY'S GENERAL STORE #1828 / WEBSTER CITY",1.45,top_driver
HAMILTON,2024-12-01,store,KC STORE / STRATFORD,0.7000000000000001,top_driver
HAMILTON,2024-12-01,store,"CASEY'S GENERAL STORE # 3054/ WEBSTER CITY",0.15000000000000002,top_driver
HAMILTON,2024-12-01,store,HY-VEE FOOD STORE / WEBSTER CITY,0.0,top_driver
HANCOCK,2024-12-01,category,WHISKEY LIQUEUR,0.09999999999999998,top_driver
HANCOCK,2024-12-01,item,FIREBALL CINNAMON WHISKEY MINI SLEEVE,0.0,top_driver
HANCOCK,2024-12-01,store,"CASEY'S GENERAL STORE #3043 / BRITT",-30.9,top_driver
HARDIN,2024-12-01,category,WHISKEY LIQUEUR,3.0999999999999996,top_driver
HARDIN,2024-12-01,category,AMERICAN VODKAS,1.2000000000000028,top_driver
HARDIN,2024-12-01,category,AMERICAN CORDIALS & LIQUEURS,0.05000000000000002,top_driver
HARDIN,2024-12-01,category,AMERICAN SCHNAPPS,-0.05,top_driver
HARDIN,2024-12-01,category,TEMPORARY & SPECIALTY PACKAGES,0.0,top_driver
HARDIN,2024-12-01,category,STRAIGHT RYE WHISKIES,0.0,top_driver
HARDIN,2024-12-01,category,BLENDED WHISKIES,0.0,top_driver
HARDIN,2024-12-01,category,MIXTO TEQUILA,0.0,top_driver
HARDIN,2024-12-01,item,FIREBALL CINNAMON WHISKEY MINI SLEEVE,-1.1999999999999997,top_driver
HARDIN,2024-12-01,item,SMIRNOFF 80PRF MINI,0.5,top_driver
HARDIN,2024-12-01,item,KINKY BLUE MINI,-0.19999999999999998,top_driver
HARDIN,2024-12-01,item,BIRD DOG SALTED CARAMEL FLAVORED WHISKEY MINI,0.0,top_driver
HARDIN,2024-12-01,item,99 STRAWBERRIES MINI,0.0,top_driver
HARDIN,2024-12-01,store,"FAREWAY STORES #882 / ELDORA",31.049999999999997,top_driver
HARDIN,2024-12-01,store,"CASEY'S GENERAL STORE #2532 / ELDORA",2.35,top_driver
HARDIN,2024-12-01,store,"CASEY'S GENERAL STORE #3027 / IOWA FALLS",-1.55,top_driver
HARDIN,2024-12-01,store,"GOODSTOP BY CASEY'S #4313 / ELDORA",1.15,top_driver
HARDIN,2024-12-01,store,HY-VEE FOOD STORE (1295) / IOWA FALLS,-0.5,top_driver
HARDIN,2024-12-01,store,ROCK C LIQUOR & WINE & TOBACCO / IOWA FALLS,0.1499999999999999,top_driver
HARRISON,2024-12-01,category,CREAM LIQUEURS,2.35,top_driver
HARRISON,2024-12-01,category,AMERICAN CORDIALS & LIQUEURS,-0.7,top_driver
HARRISON,2024-12-01,category,IMPORTED DRY GINS,0.5,top_driver
HARRISON,2024-12-01,category,WHISKEY LIQUEUR,-0.15000000000000002,top_driver
HARRISON,2024-12-01,category,STRAIGHT BOURBON WHISKIES,0.0,top_driver
HARRISON,2024-12-01,category,TENNESSEE WHISKIES,0.0,top_driver
HARRISON,2024-12-01,item,FIREBALL CINNAMON WHISKEY PARTY BUCKET,0.0,top_driver
HARRISON,2024-12-01,store,FOOD LAND SUPER MARKETS,2.25,top_driver
HARRISON,2024-12-01,store,CROSSROADS WINE & SPIRITS LLC,0.8999999999999999,top_driver
HARRISON,2024-12-01,store,"CASEY'S GENERAL STORE #2665 / WOODBINE",-0.75,top_driver
HARRISON,2024-12-01,store,FOODLAND SUPER MARKETS / WOODBINE,0.0,top_driver
HENRY,2024-12-01,category,SPICED RUM,0.05000000000000002,top_driver
HENRY,2024-12-01,category,AMERICAN SCHNAPPS,0.0,top_driver
HENRY,2024-12-01,item,CAPTAIN MORGAN ORIGINAL SPICED MINI,0.05000000000000002,top_driver
HENRY,2024-12-01,item,99 STRAWBERRIES MINI,0.0,top_driver
HENRY,2024-12-01,store,"CASEY'S GENERAL STORE #1612 / MOUNT PLEASANT",-0.6499999999999999,top_driver
HENRY,2024-12-01,store,KRAMER'S INC.,-0.14999999999999997,top_driver
HOWARD,2024-12-01,category,CREAM LIQUEURS,-0.25,top_driver
HOWARD,2024-12-01,category,STRAIGHT BOURBON WHISKIES,0.050000000000000044,top_driver
HOWARD,2024-12-01,store,THE OX & WREN SPIRITS AND GIFTS,-45.949999999999996,top_driver
HOWARD,2024-12-01,store,HY-VEE CRESCO DOLLAR FRESH,-0.44999999999999996,top_driver
HUMBOLDT,2024-12-01,category,TENNESSEE WHISKIES,-0.04999999999999999,top_driver
HUMBOLDT,2024-12-01,item,"JACK DANIELS OLD #7 BLACK LABEL MINI",-0.04999999999999999,top_driver
HUMBOLDT,2024-12-01,store,"CASEY'S GENERAL STORE #51 / HUMBOLDT",0.0,top_driver
IDA,2024-12-01,category,CANADIAN WHISKIES,4.25,top_driver
IDA,2024-12-01,category,AMERICAN FLAVORED VODKA,0.65,top_driver
IDA,2024-12-01,category,TENNESSEE WHISKIES,-0.65,top_driver
IDA,2024-12-01,category,STRAIGHT BOURBON WHISKIES,0.0,top_driver
IDA,2024-12-01,item,"JACK DANIELS OLD #7 BLACK LABEL MINI",0.0,top_driver
IDA,2024-12-01,store,BREW IDA GROVE,-5.4,top_driver
IDA,2024-12-01,store,"SPIRITS, STOGIES AND STUFF",0.1499999999999999,top_driver
IOWA,2024-12-01,category,CANADIAN WHISKIES,-62.8,top_driver
IOWA,2024-12-01,category,AMERICAN VODKAS,-31.049999999999997,top_driver
IOWA,2024-12-01,category,IMPORTED SCHNAPPS,8.15,top_driver
IOWA,2024-12-01,category,NEUTRAL GRAIN SPIRITS FLAVORED,0.7499999999999999,top_driver
IOWA,2024-12-01,category,AMERICAN SCHNAPPS,-0.05,top_driver
IOWA,2024-12-01,category,STRAIGHT BOURBON WHISKIES,0.0,top_driver
IOWA,2024-12-01,category,AMERICAN BRANDIES,0.0,top_driver
IOWA,2024-12-01,item,CROWN ROYAL MINI,0.15000000000000002,top_driver
IOWA,2024-12-01,store,WILTON EXPRESS,-6.15,top_driver
IOWA,2024-12-01,store,ALI'S CORNER / WATERLOO,-1.7999999999999998,top_driver
IOWA,2024-12-01,store,"CASEY'S GENERAL STORE #2488 / N ENGLISH",-0.85,top_driver
IOWA,2024-12-01,store,"CASEY'S GENERAL STORE # 2528/ WILLIAMSBURG",0.7,top_driver
IOWA,2024-12-01,store,THE DEPOT WILLIAMSBURG,-0.55,top_driver
IOWA,2024-12-01,store,PRIMESTAR / MARENGO,0.0,top_driver
IOWA,2024-12-01,store,BIG G FOOD STORE,0.0,top_driver
IOWA,2024-12-01,store,"CASEY'S GENERAL STORE # 2774/AMANA",0.0,top_driver
JACKSON,2024-12-01,category,100% AGAVE TEQUILA,0.75,top_driver
JACKSON,2024-12-01,category,WHISKEY LIQUEUR,-0.5,top_driver
JACKSON,2024-12-01,category,TEMPORARY & SPECIALTY PACKAGES,-0.25,top_driver
JACKSON,2024-12-01,category,AMERICAN VODKAS,0.0,top_driver
JACKSON,2024-12-01,item,PATRON SILVER,-0.3700000000000001,top_driver
JACKSON,2024-12-01,item,FIREBALL CINNAMON WHISKEY PARTY BUCKET,0.0,top_driver
JACKSON,2024-12-01,item,TITOS HANDMADE VODKA MINI,0.0,top_driver
JACKSON,2024-12-01,store,"CASEY'S GENERAL STORE #2915 / BELLEVUE",-13.4,top_driver
JACKSON,2024-12-01,store,OTTER CREEK STOP / ZWINGLE,0.65,top_driver
JACKSON,2024-12-01,store,KJ'S CONVENIENCE & DELI / MAQUOKETA,0.5,top_driver
JACKSON,2024-12-01,store,MAIN STREET TOBACCO SHOP / MAQUOKETA,-0.25,top_driver
JACKSON,2024-12-01,store,"CASEY'S GENERAL STORE #2846 / MAQUOKETA",0.2,top_driver
JASPER,2024-12-01,category,CANADIAN WHISKIES,6.25,top_driver
JASPER,2024-12-01,category,WHISKEY LIQUEUR,-0.7000000000000001,top_driver
JASPER,2024-12-01,category,STRAIGHT BOURBON WHISKIES,-0.7,top_driver
JASPER,2024-12-01,category,NEUTRAL GRAIN SPIRITS FLAVORED,0.65,top_driver
JASPER,2024-12-01,category,FLAVORED RUM,0.5499999999999999,top_driver
JASPER,2024-12-01,category,IMPORTED CORDIALS & LIQUEURS,-0.5,top_driver
JASPER,2024-12-01,category,AMERICAN SCHNAPPS,0.05000000000000002,top_driver
JASPER,2024-12-01,item,OLE SMOKY CHERRY MOONSHINE,-0.75,top_driver
JASPER,2024-12-01,item,MALIBU COCONUT MINI,0.5499999999999999,top_driver
JASPER,2024-12-01,item,JAGERMEISTER LIQUEUR MINI,0.15,top_driver
JASPER,2024-12-01,item,FIREBALL CINNAMON WHISKEY MINI DISPENSER,-0.1,top_driver
JASPER,2024-12-01,item,BLACK VELVET APPLE,0.0,top_driver
JASPER,2024-12-01,item,99 BLUE RASPBERRIES MINI,0.0,top_driver
JASPER,2024-12-01,store,"CASEY'S GENERAL STORE #2237 / PRAIRIE CITY",6.25,top_driver
JASPER,2024-12-01,store,PIT STOP LIQUORS / NEWTON,-2.9499999999999997,top_driver
JASPER,2024-12-01,store,"HY-VEE FOOD STORE #1 (1449) / NEWTON",-0.7,top_driver
JASPER,2024-12-01,store,KELLOGG COUNTRY STORE,0.7,top_driver
JASPER,2024-12-01,store,HY-VEE GAS / NEWTON,-0.65,top_driver
JASPER,2024-12-01,store,"CASEY'S GENERAL STORE #2836 / MONROE",-0.5,top_driver
JASPER,2024-12-01,store,"CASEY'S GENERAL STORE #1911 / NEWTON",-0.35,top_driver
JASPER,2024-12-01,store,WORLD LIQUOR & TOBACCO PLUS VAPORS,-0.09999999999999999,top_driver
JASPER,2024-12-01,store,"FAREWAY STORES #848 / NEWTON",-0.050000000000000044,top_driver
JEFFERSON,2024-12-01,category,CANADIAN WHISKIES,-52.0,top_driver
JEFFERSON,2024-12-01,category,TENNESSEE WHISKIES,2.9499999999999997,top_driver
JEFFERSON,2024-12-01,category,AMERICAN VODKAS,-0.35,top_driver
JEFFERSON,2024-12-01,category,IRISH WHISKIES,-0.10000000000000009,top_driver
JEFFERSON,2024-12-01,category,NEUTRAL GRAIN SPIRITS FLAVORED,0.0,top_driver
JEFFERSON,2024-12-01,item,"JACK DANIELS OLD #7 BLACK LABEL",-39.6,top_driver
JEFFERSON,2024-12-01,item,OLE SMOKY APPLE PIE MOONSHINE 70PRF MINI,0.0,top_driver
JEFFERSON,2024-12-01,store,QUALITY QUICK STOP / FAIRFIELD,3.55,top_driver
JEFFERSON,2024-12-01,store,HY-VEE FOOD STORE / FAIRFIELD,0.75,top_driver
JEFFERSON,2024-12-01,store,"CASEY'S GENERAL STORE #3327 / FAIRFIELD",0.050000000000000044,top_driver
JOHNSON,2024-12-01,category,STRAIGHT BOURBON WHISKIES,-172.39000000000001,top_detractor
JOHNSON,2024-12-01,category,BLENDED WHISKIES,-153.75,top_detractor
JOHNSON,2024-12-01,category,TEMPORARY & SPECIALTY PACKAGES,-90.9,top_detractor
JOHNSON,2024-12-01,category,IMPORTED VODKAS,-34.72,top_detractor
JOHNSON,2024-12-01,category,AMERICAN VODKAS,-33.839999999999996,top_detractor
JOHNSON,2024-12-01,category,SCOTCH WHISKIES,-13.45,top_detractor
JOHNSON,2024-12-01,category,AMERICAN DRY GINS,-2.1999999999999997,top_detractor
JOHNSON,2024-12-01,category,SINGLE MALT SCOTCH,-0.75,top_detractor
JOHNSON,2024-12-01,category,AMERICAN CORDIALS & LIQUEURS,-0.55,top_detractor
JOHNSON,2024-12-01,category,IRISH WHISKIES,-0.09999999999999999,top_detractor
JOHNSON,2024-12-01,category,100% AGAVE TEQUILA,54.55,top_driver
JOHNSON,2024-12-01,category,CANADIAN WHISKIES,40.95,top_driver
JOHNSON,2024-12-01,category,IMPORTED CORDIALS & LIQUEURS,25.5,top_driver
JOHNSON,2024-12-01,category,BOTTLED IN BOND BOURBON,21.75,top_driver
JOHNSON,2024-12-01,category,WHISKEY LIQUEUR,1.4000000000000001,top_driver
JOHNSON,2024-12-01,category,AMERICAN FLAVORED VODKA,0.19000000000000006,top_driver
JOHNSON,2024-12-01,category,SPICED RUM,0.15000000000000013,top_driver
JOHNSON,2024-12-01,category,AMERICAN BRANDIES,0.09999999999999998,top_driver
JOHNSON,2024-12-01,category,COCKTAILS/RTD,0.07999999999999985,top_driver
JOHNSON,2024-12-01,category,WHITE RUM,0.05,top_driver
JOHNSON,2024-12-01,item,CROWN ROYAL,-27.95,top_detractor
JOHNSON,2024-12-01,item,SEAGRAMS EXTRA DRY GIN MINI,-2.1999999999999997,top_detractor
JOHNSON,2024-12-01,item,JIM BEAM,-1.87,top_detractor
JOHNSON,2024-12-01,item,CAPTAIN MORGAN ORIGINAL SPICED,-1.4900000000000002,top_detractor
JOHNSON,2024-12-01,item,FIREBALL CINNAMON WHISKEY MINI SLEEVE,-1.1999999999999997,top_detractor
JOHNSON,2024-12-01,item,JIM BEAM MINI,-0.85,top_detractor
JOHNSON,2024-12-01,item,MAKERS MARK,-0.75,top_detractor
JOHNSON,2024-12-01,item,CAPTAIN MORGAN ORIGINAL SPICED MINI,-0.6,top_detractor
JOHNSON,2024-12-01,item,JOSE CUERVO ESPECIAL SILVER MINI,-0.35000000000000003,top_detractor
JOHNSON,2024-12-01,item,CROWN ROYAL MINI,-0.1,top_detractor
JOHNSON,2024-12-01,item,TRAVELLER BLENDED NO 40,26.25,top_driver
JOHNSON,2024-12-01,item,GRAND MARNIER CORDON ROUGE,26.25,top_driver
JOHNSON,2024-12-01,item,BLACK VELVET,24.5,top_driver
JOHNSON,2024-12-01,item,HEAVEN HILL BOTTLED-IN-BOND 7YR,21.75,top_driver
JOHNSON,2024-12-01,item,1800 REPOSADO,21.0,top_driver
JOHNSON,2024-12-01,item,GREY GOOSE,1.2799999999999998,top_driver
JOHNSON,2024-12-01,item,EARLY TIMES BOTTLED IN BOND,1.0,top_driver
JOHNSON,2024-12-01,item,JOSE CUERVO ESPECIAL REPOSADO FLASK,0.3700000000000001,top_driver
JOHNSON,2024-12-01,item,OLE SMOKY BUTTER PECAN MOONSHINE MINI,0.35000000000000003,top_driver
JOHNSON,2024-12-01,item,FIREBALL CINNAMON WHISKEY MINI DISPENSER,0.20000000000000004,top_driver
JOHNSON,2024-12-01,store,"HY-VEE WINE AND SPIRITS #1 (1281) / IOWA CITY",-270.5,top_detractor
JOHNSON,2024-12-01,store,"COSTCO WHOLESALE #1111 / CORALVILLE",-22.5,top_detractor
JOHNSON,2024-12-01,store,LIQUOR DOWNTOWN / IOWA CITY,-7.65,top_detractor
JOHNSON,2024-12-01,store,HY-VEE DRUGSTORE (7042) / IOWA CITY,-4.29,top_detractor
JOHNSON,2024-12-01,store,TOP SHELF LIQUOR / IOWA CITY,-2.3,top_detractor
JOHNSON,2024-12-01,store,"CASEY'S GENERAL STORE #3858 - IOWA CITY",-1.75,top_detractor
JOHNSON,2024-12-01,store,THE DEPOT NORTH LIBERTY,-1.6,top_detractor
JOHNSON,2024-12-01,store,380BP / SWISHER,-0.5499999999999999,top_detractor
JOHNSON,2024-12-01,store,"KUM & GO #524/ CORALVILLE",-0.5499999999999999,top_detractor
JOHNSON,2024-12-01,store,GM MART / IOWA CITY,-0.5,top_detractor
JOHNSON,2024-12-01,store,"HY-VEE #2 / CORALVILLE",53.15,top_driver
JOHNSON,2024-12-01,store,"HY-VEE FOOD STORE #2 (1285) / IOWA CITY",30.379999999999995,top_driver
JOHNSON,2024-12-01,store,JOHNCY'S LIQUOR STORE,26.2,top_driver
JOHNSON,2024-12-01,store,LIBERTY VIEW WINE & SPIRITS / NORTH LIBERTY,9.05,top_driver
JOHNSON,2024-12-01,store,CROWN LIQUOR & SMOKE / IOWA CITY,1.7999999999999998,top_driver
JOHNSON,2024-12-01,store,"KUM & GO #137 / TIFFIN",1.4,top_driver
JOHNSON,2024-12-01,store,THE CROWN LIQUOR / IOWA CITY,1.35,top_driver
JOHNSON,2024-12-01,store,"KWIK STAR #1213 / NORTH LIBERTY",0.8499999999999999,top_driver
JOHNSON,2024-12-01,store,"KUM & GO #3504 / IOWA CITY",0.72,top_driver
JOHNSON,2024-12-01,store,"SMOKIN' JOE'S #12 TOBACCO AND LIQUOR OUTLET",0.62,top_driver
JONES,2024-12-01,category,AMERICAN VODKAS,31.12,top_driver
JONES,2024-12-01,category,AMERICAN FLAVORED VODKA,0.7,top_driver
JONES,2024-12-01,category,TENNESSEE WHISKIES,-0.55,top_driver
JONES,2024-12-01,category,BLENDED WHISKIES,-0.3700000000000001,top_driver
JONES,2024-12-01,category,100% AGAVE TEQUILA,0.0,top_driver
JONES,2024-12-01,item,TITOS HANDMADE VODKA,-122.63,top_driver
JONES,2024-12-01,store,"CASEY'S GENERAL STORE #1126 / WYOMING",31.45,top_driver
JONES,2024-12-01,store,"CASEY'S GENERAL STORE #1889 / MONTICELLO",-3.0,top_driver
JONES,2024-12-01,store,"GIGGLE JUICE LIQUOR STATION, LLC",1.45,top_driver
JONES,2024-12-01,store,"CASEY'S GENERAL STORE #3898 / ANAMOSA",-0.2,top_driver
KEOKUK,2024-12-01,category,AMERICAN CORDIALS & LIQUEURS,3.95,top_driver
KEOKUK,2024-12-01,store,BROTHER'S MARKET/ SIGOURNEY,0.0,top_driver
KOSSUTH,2024-12-01,category,CANADIAN WHISKIES,-262.45,top_driver
KOSSUTH,2024-12-01,category,TEMPORARY & SPECIALTY PACKAGES,-54.0,top_driver
KOSSUTH,2024-12-01,category,WHISKEY LIQUEUR,-0.83,top_driver
KOSSUTH,2024-12-01,category,AMERICAN CORDIALS & LIQUEURS,0.7,top_driver
KOSSUTH,2024-12-01,category,MIXTO TEQUILA,-0.25,top_driver
KOSSUTH,2024-12-01,category,STRAIGHT BOURBON WHISKIES,0.15000000000000002,top_driver
KOSSUTH,2024-12-01,store,HY-VEE WINE AND SPIRITS (1010) / ALGONA,-263.1,top_driver
KOSSUTH,2024-12-01,store,"ONE STOP SHOP #3 / ALGONA",-0.44999999999999996,top_driver
KOSSUTH,2024-12-01,store,CHROME TRUCK STOP,0.32,top_driver
KOSSUTH,2024-12-01,store,JUMBO'S,0.0,top_driver
KOSSUTH,2024-12-01,store,BANCROFT LIQUOR STORE,0.0,top_driver
LEE,2024-12-01,category,AMERICAN CORDIALS & LIQUEURS,-52.45,top_detractor
LEE,2024-12-01,category,AMERICAN SCHNAPPS,-0.95,top_detractor
LEE,2024-12-01,category,BLENDED WHISKIES,82.13,top_driver
LEE,2024-12-01,category,SPICED RUM,2.5,top_driver
LEE,2024-12-01,category,TEMPORARY & SPECIALTY PACKAGES,1.5,top_driver
LEE,2024-12-01,category,STRAIGHT BOURBON WHISKIES,0.7,top_driver
LEE,2024-12-01,category,NEUTRAL GRAIN SPIRITS FLAVORED,-0.7,top_driver
LEE,2024-12-01,category,WHISKEY LIQUEUR,0.5,top_driver
LEE,2024-12-01,category,IMPORTED CORDIALS & LIQUEURS,-0.050000000000000044,top_driver
LEE,2024-12-01,category,CORN WHISKIES,0.0,top_driver
LEE,2024-12-01,category,CREAM LIQUEURS,0.0,top_driver
LEE,2024-12-01,category,AMERICAN VODKAS,0.0,top_driver
LEE,2024-12-01,item,KESSLER BLEND WHISKEY,82.88,top_driver
LEE,2024-12-01,item,GREEN FROG DISTILLERY CARAMEL FLAVORED CORN WHISKEY,-21.75,top_driver
LEE,2024-12-01,item,SMIRNOFF 80PRF MINI,-1.15,top_driver
LEE,2024-12-01,item,99 BLUE RASPBERRIES MINI,-0.2,top_driver
LEE,2024-12-01,item,OLE SMOKY MOUNTAIN JAVA MOONSHINE MINI,-0.05,top_driver
LEE,2024-12-01,item,JOSEPH MAGNUS CIGAR BLEND BOURBON,0.0,top_driver
LEE,2024-12-01,item,SAILOR JERRY SPICED NAVY RUM,0.0,top_driver
LEE,2024-12-01,item,FIREBALL CINNAMON WHISKEY MINI SLEEVE,0.0,top_driver
LEE,2024-12-01,store,QUICKER LIQUOR STORE,85.45,top_driver
LEE,2024-12-01,store,SONNY'S SUPER MARKET / WEST POINT,3.75,top_driver
LEE,2024-12-01,store,HY-VEE FOOD STORE (1324) / KEOKUK,-2.45,top_driver
LEE,2024-12-01,store,"CASEY'S GENERAL STORE #2595 / KEOKUK",-0.25,top_driver
LEE,2024-12-01,store,WEVER JUNCTION INC / WEVER,-0.05,top_driver
LEE,2024-12-01,store,"FAREWAY STORES #177/ FORT MADISON",0.0,top_driver
LEE,2024-12-01,store,HOME TOWN WINE AND SPIRIT / KEOKUK,0.0,top_driver
LEE,2024-12-01,store,"CASEY'S GENERAL STORE #2023 / FT MADISON",0.0,top_driver
LEE,2024-12-01,store,KEOKUK SPIRITS,0.0,top_driver
LINN,2024-12-01,category,AMERICAN VODKAS,-1512.2199999999993,top_detractor
LINN,2024-12-01,category,TENNESSEE WHISKIES,-131.52,top_detractor
LINN,2024-12-01,category,BLENDED WHISKIES,-32.35,top_detractor
LINN,2024-12-01,category,IMPORTED DRY GINS,-21.75,top_detractor
LINN,2024-12-01,category,WHISKEY LIQUEUR,-7.800000000000001,top_detractor
LINN,2024-12-01,category,IRISH WHISKIES,-6.95,top_detractor
LINN,2024-12-01,category,100% AGAVE TEQUILA,-1.0999999999999988,top_detractor
LINN,2024-12-01,category,AMERICAN FLAVORED VODKA,-0.82,top_detractor
LINN,2024-12-01,category,FLAVORED GIN,-0.75,top_detractor
LINN,2024-12-01,category,SPICED RUM,-0.6499999999999999,top_detractor
LINN,2024-12-01,category,CANADIAN WHISKIES,240.85000000000002,top_driver
LINN,2024-12-01,category,STRAIGHT BOURBON WHISKIES,223.01000000000005,top_driver
LINN,2024-12-01,category,WHITE RUM,103.12,top_driver
LINN,2024-12-01,category,MIXTO TEQUILA,81.72999999999999,top_driver
LINN,2024-12-01,category,IMPORTED CORDIALS & LIQUEURS,34.5,top_driver
LINN,2024-12-01,category,IMPORTED DISTILLED SPIRITS SPECIALTY,6.75,top_driver
LINN,2024-12-01,category,TEMPORARY & SPECIALTY PACKAGES,3.0500000000000007,top_driver
LINN,2024-12-01,category,SCOTCH WHISKIES,2.95,top_driver
LINN,2024-12-01,category,IMPORTED FLAVORED VODKA,2.6,top_driver
LINN,2024-12-01,category,CREAM LIQUEURS,0.7500000000000001,top_driver
LINN,2024-12-01,item,BARTON VODKA,-132.0,top_detractor
LINN,2024-12-01,item,MCCORMICK 80PRF VODKA PET,-35.25,top_detractor
LINN,2024-12-01,item,NIKOLAI VODKA,-30.75,top_detractor
LINN,2024-12-01,item,FIREBALL CINNAMON WHISKEY MINI SLEEVE,-4.95,top_detractor
LINN,2024-12-01,item,PATRON SILVER,-4.05,top_detractor
LINN,2024-12-01,item,DON JULIO REPOSADO,-1.87,top_detractor
LINN,2024-12-01,item,GREY GOOSE,-1.12,top_detractor
LINN,2024-12-01,item,CAPTAIN MORGAN ORIGINAL SPICED PET,-0.7999999999999999,top_detractor
LINN,2024-12-01,item,BAILEYS EXPRESSO,-0.75,top_detractor
LINN,2024-12-01,item,CEDAR RIDGE BOURBON,-0.75,top_detractor
LINN,2024-12-01,item,BLACK VELVET,312.6,top_driver
LINN,2024-12-01,item,JOSE CUERVO ESPECIAL SILVER,179.25,top_driver
LINN,2024-12-01,item,BACARDI SUPERIOR,71.62,top_driver
LINN,2024-12-01,item,SKOL VODKA,41.25,top_driver
LINN,2024-12-01,item,PARAMOUNT WHITE RUM,30.75,top_driver
LINN,2024-12-01,item,EARLY TIMES BOTTLED IN BOND,3.0,top_driver
LINN,2024-12-01,item,JACK DANIELS TENNESSEE HONEY,0.75,top_driver
LINN,2024-12-01,item,HAVANA CLUB ANEJO CLASICO,0.75,top_driver
LINN,2024-12-01,item,KRAKEN BLACK SPICED RUM,0.75,top_driver
LINN,2024-12-01,item,ARDBEG WEE BEASTIE,0.75,top_driver
LINN,2024-12-01,store,"HY-VEE #7 / CEDAR RAPIDS",-890.77,top_detractor
LINN,2024-12-01,store,"HY-VEE FOOD STORE #5 / CEDAR RAPIDS",-484.5499999999999,top_detractor
LINN,2024-12-01,store,WILKIE LIQUORS,-144.15000000000003,top_detractor
LINN,2024-12-01,store,BENZ DISTRIBUTING,-130.60000000000002,top_detractor
LINN,2024-12-01,store,HY-VEE FOOD STORE (1396) / MARION,-111.45000000000002,top_detractor
LINN,2024-12-01,store,"CASEY'S GENERAL STORE #3382 / CEDAR",-27.0,top_detractor
LINN,2024-12-01,store,ESSENTIALS / CEDAR RAPIDS,-8.35,top_detractor
LINN,2024-12-01,store,WESTSIDE SPIRITS / CEDAR RAPIDS,-3.630000000000001,top_detractor
LINN,2024-12-01,store,BIG DISCOUNT LIQUOR / CEDAR RAPIDS,-3.0,top_detractor
LINN,2024-12-01,store,"CASEY'S GENERAL STORE #3756 / CEDAR RAPIDS",-2.1500000000000004,top_detractor
LINN,2024-12-01,store,"HY-VEE FOOD STORE #3 (1056) / CEDAR RAPIDS",317.65000000000003,top_driver
LINN,2024-12-01,store,"HY-VEE FOOD STORE #1 (1054) / CEDAR RAPIDS",226.75000000000003,top_driver
LINN,2024-12-01,store,"HY-VEE DRUGSTORE #4 (7025) / CEDAR RAPIDS",138.0,top_driver
LINN,2024-12-01,store,SAM'S CLUB 8162 / CEDAR RAPIDS,106.5,top_driver
LINN,2024-12-01,store,POINT LIQUOR & TOBACCO,35.449999999999996,top_driver
LINN,2024-12-01,store,"FAREWAY STORES #949 / MARION",25.2,top_driver
LINN,2024-12-01,store,"HY-VEE FOOD AND DRUG #6 / CEDAR RAPIDS",1.1799999999999997,top_driver
LINN,2024-12-01,store,THE CORNER STORE,0.95,top_driver
LINN,2024-12-01,store,7STAR LIQUOR & TOBACCO OUTLET,0.75,top_driver
LINN,2024-12-01,store,QUICK STOP / CEDAR RAPIDS,0.75,top_driver
LUCAS,2024-12-01,category,TENNESSEE WHISKIES,43.88,top_driver
LUCAS,2024-12-01,category,WHISKEY LIQUEUR,0.5,top_driver
LUCAS,2024-12-01,category,STRAIGHT BOURBON WHISKIES,0.0,top_driver
LUCAS,2024-12-01,item,FIREBALL CINNAMON WHISKEY MINI SLEEVE,-1.2000000000000002,top_driver
LUCAS,2024-12-01,item,JIM BEAM MINI,0.0,top_driver
LUCAS,2024-12-01,store,HY-VEE FOOD STORE (1065) / CHARITON,42.28,top_driver
LUCAS,2024-12-01,store,"CASEY'S GENERAL STORE #3032 / CHARITON",1.0999999999999999,top_driver
LYON,2024-12-01,category,AMERICAN CORDIALS & LIQUEURS,-0.4,top_driver
LYON,2024-12-01,category,CANADIAN WHISKIES,0.05,top_driver
LYON,2024-12-01,category,IMPORTED SCHNAPPS,0.0,top_driver
LYON,2024-12-01,item,GOLDSCHLAGER CINNAMON SCHNAPPS MINI,0.0,top_driver
LYON,2024-12-01,store,OAK STREET STATION LLC,-1.4,top_driver
LYON,2024-12-01,store,LIQUOR LOCKER,-1.02,top_driver
LYON,2024-12-01,store,LARCHWOOD QUICK STOP / LARCHWOOD,-0.7999999999999999,top_driver
LYON,2024-12-01,store,"CASEY'S #4539 / ROCK RAPIDS",0.6200000000000001,top_driver
MADISON,2024-12-01,category,CANADIAN WHISKIES,-1.75,top_driver
MADISON,2024-12-01,category,100% AGAVE TEQUILA,0.75,top_driver
MADISON,2024-12-01,category,AMERICAN CORDIALS & LIQUEURS,0.15000000000000002,top_driver
MADISON,2024-12-01,category,FLAVORED RUM,0.0,top_driver
MADISON,2024-12-01,item,99 WATERMELON PET MINI,0.0,top_driver
MADISON,2024-12-01,item,CROWN ROYAL MINI,0.0,top_driver
MADISON,2024-12-01,store,OASIS WINE AND SPIRITS - WINTERSET,1.2,top_driver
MADISON,2024-12-01,store,"CASEY'S GENERAL STORE #1706 / WINTERSET",-0.75,top_driver
MADISON,2024-12-01,store,"CASEY'S GENERAL STORE #2644 / EARLHAM",-0.6,top_driver
MAHASKA,2024-12-01,category,CANADIAN WHISKIES,-30.75,top_driver
MAHASKA,2024-12-01,category,SINGLE MALT SCOTCH,-0.75,top_driver
MAHASKA,2024-12-01,category,AMERICAN SCHNAPPS,-0.6499999999999999,top_driver
MAHASKA,2024-12-01,category,AMERICAN CORDIALS & LIQUEURS,0.0,top_driver
MAHASKA,2024-12-01,store,HOMETOWN WINE & SPIRITS / OSKALOOSA,-2.25,top_driver
MAHASKA,2024-12-01,store,CORK AND BOTTLE / OSKALOOSA,-1.32,top_driver
MAHASKA,2024-12-01,store,BUDGET INN / OSKALOOSA,0.0,top_driver
MARION,2024-12-01,category,AMERICAN VODKAS,-89.4,top_driver
MARION,2024-12-01,category,WHISKEY LIQUEUR,-0.5,top_driver
MARION,2024-12-01,category,IMPORTED CORDIALS & LIQUEURS,0.3700000000000001,top_driver
MARION,2024-12-01,category,IMPORTED FLAVORED VODKA,0.25,top_driver
MARION,2024-12-01,category,AMERICAN SCHNAPPS,-0.05000000000000002,top_driver
MARION,2024-12-01,category,TEMPORARY & SPECIALTY PACKAGES,0.0,top_driver
MARION,2024-12-01,category,AMERICAN CORDIALS & LIQUEURS,0.0,top_driver
MARION,2024-12-01,item,FIREBALL CINNAMON WHISKEY MINI DISPENSER,-0.25,top_driver
MARION,2024-12-01,item,FIREBALL CINNAMON WHISKEY PARTY BUCKET,-0.09999999999999999,top_driver
MARION,2024-12-01,item,99 PUNCHES VARIETY MINI,0.0,top_driver
MARION,2024-12-01,store,HY-VEE WINE AND SPIRITS / PELLA,1.17,top_driver
MARION,2024-12-01,store,"CASEY'S GENERAL STORE #3217 / KNOXVILLE",-0.95,top_driver
MARION,2024-12-01,store,SUPER QUICK LIQUOR / KNOXVILLE,0.8,top_driver
MARION,2024-12-01,store,HY-VEE (1516) / PELLA,0.7,top_driver
MARION,2024-12-01,store,HY-VEE FOOD STORE (1353) / KNOXVILLE,-0.65,top_driver
MARION,2024-12-01,store,"CASEY'S GENERAL STORE #2640 / PLEASA",0.0,top_driver
MARSHALL,2024-12-01,category,100% AGAVE TEQUILA,-42.38,top_detractor
MARSHALL,2024-12-01,category,CREAM LIQUEURS,-7.45,top_detractor
MARSHALL,2024-12-01,category,TENNESSEE WHISKIES,-1.3499999999999999,top_detractor
MARSHALL,2024-12-01,category,IMPORTED VODKAS,-1.0,top_detractor
MARSHALL,2024-12-01,category,AMERICAN VODKAS,41.4,top_driver
MARSHALL,2024-12-01,category,AMERICAN SCHNAPPS,3.7499999999999996,top_driver
MARSHALL,2024-12-01,category,STRAIGHT BOURBON WHISKIES,1.45,top_driver
MARSHALL,2024-12-01,category,WHISKEY LIQUEUR,1.4499999999999997,top_driver
MARSHALL,2024-12-01,category,AMERICAN FLAVORED VODKA,1.2,top_driver
MARSHALL,2024-12-01,category,WHITE RUM,-0.9500000000000002,top_driver
MARSHALL,2024-12-01,category,CANADIAN WHISKIES,0.6000000000000001,top_driver
MARSHALL,2024-12-01,category,IMPORTED CORDIALS & LIQUEURS,0.3700000000000001,top_driver
MARSHALL,2024-12-01,category,AMERICAN CORDIALS & LIQUEURS,-0.10000000000000002,top_driver
MARSHALL,2024-12-01,category,NEUTRAL GRAIN SPIRITS FLAVORED,0.0,top_driver
MARSHALL,2024-12-01,item,BLACK VELVET MINI,-1.55,top_detractor
MARSHALL,2024-12-01,item,99 BLUE RASPBERRIES MINI,-0.45,top_detractor
MARSHALL,2024-12-01,item,KINKY PINK MINI,-0.25,top_detractor
MARSHALL,2024-12-01,item,TITOS HANDMADE VODKA MINI,-0.2,top_detractor
MARSHALL,2024-12-01,item,FIREBALL CINNAMON WHISKEY MINI SLEEVE,0.6000000000000001,top_driver
MARSHALL,2024-12-01,item,NEW AMSTERDAM PINK WHITNEY MINI,0.6,top_driver
MARSHALL,2024-12-01,item,ABSOLUT SWEDISH VODKA 80PRF MINI,0.35,top_driver
MARSHALL,2024-12-01,item,FIREBALL CINNAMON WHISKEY MINI DISPENSER,0.2,top_driver
MARSHALL,2024-12-01,item,BACARDI SUPERIOR,-0.050000000000000044,top_driver
MARSHALL,2024-12-01,item,99 PEPPERMINT MINI,0.05,top_driver
MARSHALL,2024-12-01,item,CASAMIGOS BLANCO,0.0,top_driver
MARSHALL,2024-12-01,item,DEEP EDDY LEMON,0.0,top_driver
MARSHALL,2024-12-01,item,PATRON SILVER MINI,0.0,top_driver
MARSHALL,2024-12-01,item,BAILEYS ORIGINAL IRISH CREAM MINI,0.0,top_driver
MARSHALL,2024-12-01,store,HY-VEE FOOD STORE (1403) / MARSHALLTOWN,38.54999999999999,top_driver
MARSHALL,2024-12-01,store,BLUE LIQUOR AND TOBACCO STORE / STATE CENTER,2.67,top_driver
MARSHALL,2024-12-01,store,"YESWAY #1148 / MARSHALLTOWN",1.7999999999999998,top_driver
MARSHALL,2024-12-01,store,MARSHALL BEER WINE SPIRITS,-1.73,top_driver
MARSHALL,2024-12-01,store,EASTSIDE LIQUOR AND GROCERY / MARSHALLTOWN,-1.55,top_driver
MARSHALL,2024-12-01,store,HOMETOWN FOODS / STATE CENTER,-1.45,top_driver
MARSHALL,2024-12-01,store,"CASEY'S GENERAL STORE # 3508/ MARSHA",1.0999999999999999,top_driver
MARSHALL,2024-12-01,store,DEPOT LIQUOR & GROCERY / MARSHALLTOWN,0.8,top_driver
MARSHALL,2024-12-01,store,CONOCO / LE GRAND,0.55,top_driver
MILLS,2024-12-01,category,SPICED RUM,-6.4,top_driver
MILLS,2024-12-01,category,WHISKEY LIQUEUR,-5.699999999999999,top_driver
MILLS,2024-12-01,category,IMPORTED SCHNAPPS,-3.95,top_driver
MILLS,2024-12-01,category,STRAIGHT BOURBON WHISKIES,3.17,top_driver
MILLS,2024-12-01,category,CANADIAN WHISKIES,1.02,top_driver
MILLS,2024-12-01,category,BLENDED WHISKIES,-0.1,top_driver
MILLS,2024-12-01,item,FIREBALL CINNAMON WHISKEY 100ML CARRIER,-5.6,top_driver
MILLS,2024-12-01,item,JIM BEAM APPLE MINI,1.15,top_driver
MILLS,2024-12-01,item,JIM BEAM,1.12,top_driver
MILLS,2024-12-01,item,CROWN ROYAL VANILLA,0.0,top_driver
MILLS,2024-12-01,store,"CASEY'S #3770 - GLENWOOD",1.9000000000000004,top_driver
MILLS,2024-12-01,store,"KWIK SHOP #541 / GLENWOOD",1.82,top_driver
MILLS,2024-12-01,store,LINCOLN FARM AND HOME 3 / PACIFIC JUNCTION,1.27,top_driver
MITCHELL,2024-12-01,category,WHISKEY LIQUEUR,2.8,top_driver
MITCHELL,2024-12-01,item,FIREBALL CINNAMON WHISKEY MINI SLEEVE,1.2000000000000002,top_driver
MITCHELL,2024-12-01,store,"CASEY'S GENERAL STORE # 1799/ OSAGE",2.8,top_driver
MONONA,2024-12-01,category,AMERICAN FLAVORED VODKA,2.0700000000000003,top_driver
MONONA,2024-12-01,category,100% AGAVE TEQUILA,-0.7,top_driver
MONONA,2024-12-01,category,CREAM LIQUEURS,0.65,top_driver
MONONA,2024-12-01,category,TENNESSEE WHISKIES,-0.5,top_driver
MONONA,2024-12-01,category,WHISKEY LIQUEUR,-0.5,top_driver
MONONA,2024-12-01,category,IMPORTED CORDIALS & LIQUEURS,0.0,top_driver
MONONA,2024-12-01,category,STRAIGHT BOURBON WHISKIES,0.0,top_driver
MONONA,2024-12-01,store,J D SPIRITS LIQUOR,-3.2,top_driver
MONONA,2024-12-01,store,MAIN STREET SPIRITS / MAPLETON,2.22,top_driver
MONONA,2024-12-01,store,THE HUT 23,0.2,top_driver
MONROE,2024-12-01,category,WHISKEY LIQUEUR,-1.75,top_driver
MONROE,2024-12-01,item,FIREBALL CINNAMON WHISKEY MINI DISPENSER,-0.05,top_driver
MONROE,2024-12-01,store,"CASEY'S GENERAL STORE #1327 / LOVILIA",0.0,top_driver
MONTGOMERY,2024-12-01,category,WHISKEY LIQUEUR,53.2,top_driver
MONTGOMERY,2024-12-01,store,HY-VEE WINE AND SPIRITS (1544) / RED OAK,53.95,top_driver
MUSCATINE,2024-12-01,category,CANADIAN WHISKIES,-43.0,top_detractor
MUSCATINE,2024-12-01,category,MIXTO TEQUILA,-0.65,top_detractor
MUSCATINE,2024-12-01,category,TEMPORARY & SPECIALTY PACKAGES,-0.5,top_detractor
MUSCATINE,2024-12-01,category,IMPORTED BRANDIES,-0.38,top_detractor
MUSCATINE,2024-12-01,category,WHITE RUM,-0.15000000000000002,top_detractor
MUSCATINE,2024-12-01,category,AMERICAN SCHNAPPS,-0.1,top_detractor
MUSCATINE,2024-12-01,category,IMPORTED CORDIALS & LIQUEURS,3.25,top_driver
MUSCATINE,2024-12-01,category,STRAIGHT BOURBON WHISKIES,0.75,top_driver
MUSCATINE,2024-12-01,category,100% AGAVE TEQUILA,0.75,top_driver
MUSCATINE,2024-12-01,category,WHISKEY LIQUEUR,0.7000000000000002,top_driver
MUSCATINE,2024-12-01,category,AMERICAN VODKAS,-0.07999999999999985,top_driver
MUSCATINE,2024-12-01,category,AMERICAN DRY GINS,0.0,top_driver
MUSCATINE,2024-12-01,category,IMPORTED VODKAS,0.0,top_driver
MUSCATINE,2024-12-01,category,IMPORTED DRY GINS,0.0,top_driver
MUSCATINE,2024-12-01,category,TENNESSEE WHISKIES,0.0,top_driver
MUSCATINE,2024-12-01,category,NEUTRAL GRAIN SPIRITS FLAVORED,0.0,top_driver
MUSCATINE,2024-12-01,item,FIREBALL CINNAMON WHISKEY 100ML CARRIER,-0.8,top_detractor
MUSCATINE,2024-12-01,item,PATRON SILVER,-0.7500000000000001,top_detractor
MUSCATINE,2024-12-01,item,JAGERMEISTER LIQUEUR,-0.3700000000000001,top_detractor
MUSCATINE,2024-12-01,item,BACARDI SUPERIOR MINI,0.39999999999999997,top_driver
MUSCATINE,2024-12-01,item,CROWN ROYAL PEACH MINI,0.35,top_driver
MUSCATINE,2024-12-01,item,JOSE CUERVO ESPECIAL REPOSADO MINI,0.05,top_driver
MUSCATINE,2024-12-01,item,SEAGRAMS EXTRA DRY GIN MINI,0.0,top_driver
MUSCATINE,2024-12-01,item,EARLY TIMES BOTTLED IN BOND,0.0,top_driver
MUSCATINE,2024-12-01,item,99 BANANAS MINI,0.0,top_driver
MUSCATINE,2024-12-01,item,99 PUNCHES VARIETY MINI,0.0,top_driver
MUSCATINE,2024-12-01,item,HAWKEYE VODKA,0.0,top_driver
MUSCATINE,2024-12-01,item,FIREBALL CINNAMON WHISKEY MINI SLEEVE,0.0,top_driver
MUSCATINE,2024-12-01,item,"JACK DANIELS OLD #7 BLACK LABEL MINI",0.0,top_driver
MUSCATINE,2024-12-01,store,WAL-MART 0559 / MUSCATINE,-30.7,top_detractor
MUSCATINE,2024-12-01,store,FAST AVE ONE STOP / MUSCATINE,-14.4,top_detractor
MUSCATINE,2024-12-01,store,STEWART ROAD FAST BREAK,-1.02,top_detractor
MUSCATINE,2024-12-01,store,HY-VEE FOOD STORE / MUSCATINE,2.8499999999999996,top_driver
MUSCATINE,2024-12-01,store,JEFF'S MARKET / WEST LIBERTY,1.45,top_driver
MUSCATINE,2024-12-01,store,"KUM & GO #438 / MUSCATINE",1.4000000000000001,top_driver
MUSCATINE,2024-12-01,store,"CASEY'S GENERAL STORE #2944 / MUSCATINE",1.0,top_driver
MUSCATINE,2024-12-01,store,JEFF'S MARKET / WILTON,0.9199999999999999,top_driver
MUSCATINE,2024-12-01,store,HY-VEE WINE & SPIRITS / MUSCATINE,0.8500000000000001,top_driver
MUSCATINE,2024-12-01,store,"SMOKIN' JOE'S #16 TOBACCO AND LIQUOR OUTLET",-0.78,top_driver
MUSCATINE,2024-12-01,store,GRANDVIEW MART,-0.75,top_driver
MUSCATINE,2024-12-01,store,"CASEY'S GENERAL STORE #61 / WILTON",-0.5200000000000002,top_driver
MUSCATINE,2024-12-01,store,SUPER SAVER LIQUOR / MUSCATINE,-0.15000000000000002,top_driver
O'BRIEN,2024-12-01,category,AMERICAN VODKAS,61.5,top_driver
O'BRIEN,2024-12-01,category,WHISKEY LIQUEUR,2.5,top_driver
O'BRIEN,2024-12-01,category,AMERICAN CORDIALS & LIQUEURS,0.75,top_driver
O'BRIEN,2024-12-01,category,IRISH WHISKIES,-0.7,top_driver
O'BRIEN,2024-12-01,category,TEMPORARY & SPECIALTY PACKAGES,-0.65,top_driver
O'BRIEN,2024-12-01,category,CREAM LIQUEURS,0.050000000000000044,top_driver
O'BRIEN,2024-12-01,category,CANADIAN WHISKIES,-0.050000000000000044,top_driver
O'BRIEN,2024-12-01,category,AMERICAN SCHNAPPS,0.05,top_driver
O'BRIEN,2024-12-01,category,IMPORTED FLAVORED VODKA,0.0,top_driver
O'BRIEN,2024-12-01,item,FIREBALL CINNAMON WHISKEY MINI SLEEVE,0.5499999999999999,top_driver
O'BRIEN,2024-12-01,item,TEQUILA ROSE LIQUEUR,-0.25,top_driver
O'BRIEN,2024-12-01,item,FIREBALL CINNAMON WHISKEY MINI DISPENSER,0.09999999999999999,top_driver
O'BRIEN,2024-12-01,item,99 RAINBOW PACK MINI,0.05,top_driver
O'BRIEN,2024-12-01,item,FIREBALL CINNAMON WHISKEY,0.0,top_driver
O'BRIEN,2024-12-01,item,TEQUILA ROSE LIQUEUR MINI,0.0,top_driver
O'BRIEN,2024-12-01,item,FIVE O'CLOCK VODKA,0.0,top_driver
O'BRIEN,2024-12-01,item,KINKY PEACH MANGO,0.0,top_driver
O'BRIEN,2024-12-01,store,HY-VEE FOOD STORE / SHELDON,61.849999999999994,top_driver
O'BRIEN,2024-12-01,store,STAMMER LIQUOR CORP,-3.3499999999999996,top_driver
O'BRIEN,2024-12-01,store,"BREW OIL #50 / HARTLEY",2.4,top_driver
O'BRIEN,2024-12-01,store,"CASEY'S GENERAL STORE #3044 / SHELDON",1.0999999999999999,top_driver
O'BRIEN,2024-12-01,store,"CASEY'S GENERAL STORE #3730 / PAULLINA",0.09999999999999999,top_driver
O'BRIEN,2024-12-01,store,"CASEY'S GENERAL STORE #2672 / SANBORN",0.05,top_driver
O'BRIEN,2024-12-01,store,CAR-GO-EXPRESS / SUTHERLAND,0.0,top_driver
PAGE,2024-12-01,category,100% AGAVE TEQUILA,1.12,top_driver
PAGE,2024-12-01,category,CANADIAN WHISKIES,-0.4,top_driver
PAGE,2024-12-01,category,AMERICAN BRANDIES,0.0,top_driver
PAGE,2024-12-01,category,NEUTRAL GRAIN SPIRITS FLAVORED,0.0,top_driver
PAGE,2024-12-01,item,CROWN ROYAL MINI,-0.4,top_driver
PAGE,2024-12-01,item,OLE SMOKY BUTTER PECAN MOONSHINE MINI,-0.30000000000000004,top_driver
PAGE,2024-12-01,item,1800 SILVER,0.0,top_driver
PAGE,2024-12-01,item,PAUL MASSON GRANDE AMBER BRANDY VS,0.0,top_driver
PAGE,2024-12-01,store,DING'S HONK'N HOLLER,1.12,top_driver
PAGE,2024-12-01,store,HY-VEE WINE AND SPIRITS / SHENANDOAH,0.09999999999999998,top_driver
PAGE,2024-12-01,store,"CASEY'S GENERAL STORE #2539 / SHENANDOAH",-0.04999999999999999,top_driver
PALO ALTO,2024-12-01,category,WHITE RUM,3.9,top_driver
PALO ALTO,2024-12-01,store,GRAETTINGER MARKET,-34.5,top_driver
PLYMOUTH,2024-12-01,category,AMERICAN VODKAS,24.700000000000003,top_driver
PLYMOUTH,2024-12-01,category,WHISKEY LIQUEUR,-18.0,top_driver
PLYMOUTH,2024-12-01,category,STRAIGHT BOURBON WHISKIES,-1.5,top_driver
PLYMOUTH,2024-12-01,category,CANADIAN WHISKIES,-1.12,top_driver
PLYMOUTH,2024-12-01,category,SPICED RUM,0.04999999999999999,top_driver
PLYMOUTH,2024-12-01,category,AMERICAN FLAVORED VODKA,0.0,top_driver
PLYMOUTH,2024-12-01,category,AMERICAN SCHNAPPS,0.0,top_driver
PLYMOUTH,2024-12-01,item,TITOS HANDMADE VODKA,-6.8,top_driver
PLYMOUTH,2024-12-01,item,FIREBALL CINNAMON WHISKEY MINI SLEEVE,-0.6000000000000001,top_driver
PLYMOUTH,2024-12-01,item,ADMIRAL NELSON SPICED MINI,0.0,top_driver
PLYMOUTH,2024-12-01,item,99 BANANAS MINI,0.0,top_driver
PLYMOUTH,2024-12-01,store,WAL-MART 1625 / LEMARS,31.2,top_driver
PLYMOUTH,2024-12-01,store,HY-VEE WINE AND SPIRITS / LE MARS,-16.9,top_driver
PLYMOUTH,2024-12-01,store,CORK IT!,-4.3,top_driver
PLYMOUTH,2024-12-01,store,"CASEY'S GENERAL STORE # 3604/HINTON",1.15,top_driver
PLYMOUTH,2024-12-01,store,"FAREWAY STORES #719 / LE MARS",-0.75,top_driver
POCAHONTAS,2024-12-01,category,CANADIAN WHISKIES,-26.9,top_driver
POCAHONTAS,2024-12-01,category,WHISKEY LIQUEUR,0.6,top_driver
POCAHONTAS,2024-12-01,category,STRAIGHT BOURBON WHISKIES,0.15000000000000002,top_driver
POCAHONTAS,2024-12-01,item,FIREBALL CINNAMON WHISKEY MINI SLEEVE,-1.7999999999999998,top_driver
POCAHONTAS,2024-12-01,store,"BREW OIL #26 / POCAHONTAS",0.6299999999999999,top_driver
POCAHONTAS,2024-12-01,store,"CASEY'S GENERAL STORE #2994 / LAUREN",0.0,top_driver
POLK,2024-12-01,category,SPICED RUM,-1855.1799999999996,top_detractor
POLK,2024-12-01,category,AMERICAN VODKAS,-940.6399999999991,top_detractor
POLK,2024-12-01,category,TENNESSEE WHISKIES,-739.5399999999998,top_detractor
POLK,2024-12-01,category,BLENDED WHISKIES,-189.12000000000003,top_detractor
POLK,2024-12-01,category,CREAM LIQUEURS,-101.10000000000001,top_detractor
POLK,2024-12-01,category,AGED DARK RUM,-86.25,top_detractor
POLK,2024-12-01,category,IRISH WHISKIES,-68.05000000000001,top_detractor
POLK,2024-12-01,category,WHITE RUM,-62.25,top_detractor
POLK,2024-12-01,category,AMERICAN BRANDIES,-54.2,top_detractor
POLK,2024-12-01,category,TEMPORARY & SPECIALTY PACKAGES,-45.050000000000004,top_detractor
POLK,2024-12-01,category,SCOTCH WHISKIES,565.3199999999999,top_driver
POLK,2024-12-01,category,IMPORTED VODKAS,421.62,top_driver
POLK,2024-12-01,category,CANADIAN WHISKIES,293.02,top_driver
POLK,2024-12-01,category,STRAIGHT BOURBON WHISKIES,151.2700000000001,top_driver
POLK,2024-12-01,category,TRIPLE SEC,120.0,top_driver
POLK,2024-12-01,category,IMPORTED CORDIALS & LIQUEURS,97.97,top_driver
POLK,2024-12-01,category,WHISKEY LIQUEUR,72.54,top_driver
POLK,2024-12-01,category,AMERICAN SCHNAPPS,57.54999999999996,top_driver
POLK,2024-12-01,category,IMPORTED DISTILLED SPIRITS SPECIALTY,52.5,top_driver
POLK,2024-12-01,category,FLAVORED RUM,42.75,top_driver
POLK,2024-12-01,item,TORTILLA GOLD DSS,-708.0,top_detractor
POLK,2024-12-01,item,CROWN ROYAL REGAL APPLE,-287.6,top_detractor
POLK,2024-12-01,item,PATRON SILVER,-149.24,top_detractor
POLK,2024-12-01,item,BARTON LIGHT RUM,-116.0,top_detractor
POLK,2024-12-01,item,TITOS HANDMADE VODKA,-99.33,top_detractor
POLK,2024-12-01,item,JAMESON,-88.5,top_detractor
POLK,2024-12-01,item,BAILEYS ORIGINAL IRISH CREAM,-59.25,top_detractor
POLK,2024-12-01,item,HAWKEYE VODKA,-55.0,top_detractor
POLK,2024-12-01,item,SEAGRAMS 7 CROWN,-36.0,top_detractor
POLK,2024-12-01,item,FOUR ROSES SINGLE BARREL,-35.25,top_detractor
POLK,2024-12-01,item,CROWN ROYAL,411.76,top_driver
POLK,2024-12-01,item,FRIS DANISH VODKA,393.0,top_driver
POLK,2024-12-01,item,"JACK DANIELS OLD #7 BLACK LABEL",232.3,top_driver
POLK,2024-12-01,item,CEDAR RIDGE BOURBON,198.0,top_driver
POLK,2024-12-01,item,JUAREZ TRIPLE SEC,120.0,top_driver
POLK,2024-12-01,item,TEREMANA BLANCO TEQUILA,53.25,top_driver
POLK,2024-12-01,item,FIREBALL CINNAMON WHISKEY,52.45000000000002,top_driver
POLK,2024-12-01,item,MALIBU COCONUT,43.5,top_driver
POLK,2024-12-01,item,1800 REPOSADO,41.25,top_driver
POLK,2024-12-01,item,JACK DANIELS TENNESSEE APPLE,35.63,top_driver
POLK,2024-12-01,store,HY-VEE WINE AND SPIRITS / WDM,-760.38,top_detractor
POLK,2024-12-01,store,SAM'S CLUB 6979 / ANKENY,-681.0,top_detractor
POLK,2024-12-01,store,HY-VEE FOOD STORE / URBANDALE,-596.12,top_detractor
POLK,2024-12-01,store,"COSTCO WHOLESALE #1630 / ANKENY",-493.5,top_detractor
POLK,2024-12-01,store,HY-VEE FOOD AND DRUG (1888) / GRAND / WDM,-418.55,top_detractor
POLK,2024-12-01,store,"FAREWAY STORES #167/JOHNSTON",-145.70000000000002,top_detractor
POLK,2024-12-01,store,"HY-VEE FOOD STORE #3 (1142) / DES MOINES",-113.95000000000002,top_detractor
POLK,2024-12-01,store,"HY-VEE FOOD STORE #2 (1138) / DES MOINES",-108.09,top_detractor
POLK,2024-12-01,store,"HY-VEE FOOD STORE #1 (1887) / WDM",-88.85,top_detractor
POLK,2024-12-01,store,"FAREWAY STORES #900 / EUCLID",-79.85,top_detractor
POLK,2024-12-01,store,"HY-VEE FOOD STORE #5 (1151) / DES MOINES",452.05000000000007,top_driver
POLK,2024-12-01,store,"HY-VEE #3 / BDI / DES MOINES",285.75,top_driver
POLK,2024-12-01,store,CENTRAL CITY 2,175.26999999999998,top_driver
POLK,2024-12-01,store,HY-VEE WINE AND SPIRITS (1022) / ANKENY,146.8,top_driver
POLK,2024-12-01,store,DOWNTOWN PANTRY,125.75,top_driver
POLK,2024-12-01,store,HY-VEE FAST & FRESH - DES MOINES,43.0,top_driver
POLK,2024-12-01,store,WORLD LIQUOR & TOBACCO,32.519999999999996,top_driver
POLK,2024-12-01,store,"SMOKIN' JOE'S #4 TOBACCO AND LIQUOR OUTLET",15.05,top_driver
POLK,2024-12-01,store,"SHOP N SAVE #2 / E 14TH",13.65,top_driver
POLK,2024-12-01,store,HY-VEE FAST AND FRESH - URBANDALE,13.55,top_driver
POTTAWATTAMIE,2024-12-01,category,AMERICAN VODKAS,-395.62,top_detractor
POTTAWATTAMIE,2024-12-01,category,100% AGAVE TEQUILA,-45.45,top_detractor
POTTAWATTAMIE,2024-12-01,category,NEUTRAL GRAIN SPIRITS FLAVORED,-44.9,top_detractor
POTTAWATTAMIE,2024-12-01,category,STRAIGHT BOURBON WHISKIES,-39.35000000000001,top_detractor
POTTAWATTAMIE,2024-12-01,category,IMPORTED BRANDIES,-29.98,top_detractor
POTTAWATTAMIE,2024-12-01,category,IMPORTED VODKAS,-26.95,top_detractor
POTTAWATTAMIE,2024-12-01,category,AMERICAN SCHNAPPS,-2.5499999999999994,top_detractor
POTTAWATTAMIE,2024-12-01,category,AMERICAN FLAVORED VODKA,-1.5499999999999972,top_detractor
POTTAWATTAMIE,2024-12-01,category,AMERICAN CORDIALS & LIQUEURS,-0.9,top_detractor
POTTAWATTAMIE,2024-12-01,category,WHITE RUM,0.0,top_detractor
POTTAWATTAMIE,2024-12-01,category,SPICED RUM,540.6,top_driver
POTTAWATTAMIE,2024-12-01,category,IRISH WHISKIES,83.6,top_driver
POTTAWATTAMIE,2024-12-01,category,IMPORTED CORDIALS & LIQUEURS,26.76,top_driver
POTTAWATTAMIE,2024-12-01,category,CANADIAN WHISKIES,25.700000000000003,top_driver
POTTAWATTAMIE,2024-12-01,category,WHISKEY LIQUEUR,15.349999999999998,top_driver
POTTAWATTAMIE,2024-12-01,category,TENNESSEE WHISKIES,1.0,top_driver
POTTAWATTAMIE,2024-12-01,category,MIXTO TEQUILA,0.8,top_driver
POTTAWATTAMIE,2024-12-01,category,TEMPORARY & SPECIALTY PACKAGES,0.7999999999999998,top_driver
POTTAWATTAMIE,2024-12-01,category,FLAVORED RUM,0.75,top_driver
POTTAWATTAMIE,2024-12-01,category,AMERICAN BRANDIES,0.55,top_driver
POTTAWATTAMIE,2024-12-01,item,FIREBALL CINNAMON WHISKEY,-16.400000000000002,top_detractor
POTTAWATTAMIE,2024-12-01,item,FIREBALL CINNAMON WHISKEY MINI SLEEVE,-2.4000000000000004,top_detractor
POTTAWATTAMIE,2024-12-01,item,FROST TRAIL VODKA MINI,-0.6,top_detractor
POTTAWATTAMIE,2024-12-01,item,CROWN ROYAL MINI,-0.55,top_detractor
POTTAWATTAMIE,2024-12-01,item,ADMIRAL NELSON SPICED,-0.3700000000000001,top_detractor
POTTAWATTAMIE,2024-12-01,item,OLE SMOKY APPLE PIE MOONSHINE 70PRF MINI,-0.30000000000000004,top_detractor
POTTAWATTAMIE,2024-12-01,item,TEQUILA ROSE LIQUEUR MINI,-0.15,top_detractor
POTTAWATTAMIE,2024-12-01,item,SOUTHERN COMFORT MINI,-0.09999999999999998,top_detractor
POTTAWATTAMIE,2024-12-01,item,E & J VS,-0.050000000000000044,top_detractor
POTTAWATTAMIE,2024-12-01,item,99 PINEAPPLE MINI,-0.05,top_detractor
POTTAWATTAMIE,2024-12-01,item,CAPTAIN MORGAN ORIGINAL SPICED,539.25,top_driver
POTTAWATTAMIE,2024-12-01,item,JAMESON,83.0,top_driver
POTTAWATTAMIE,2024-12-01,item,BLACK VELVET,25.13,top_driver
POTTAWATTAMIE,2024-12-01,item,TITOS HANDMADE VODKA MINI,0.6,top_driver
POTTAWATTAMIE,2024-12-01,item,"JACK DANIELS OLD #7 BLACK LABEL MINI",0.5499999999999999,top_driver
POTTAWATTAMIE,2024-12-01,item,JIM BEAM BLACK MINI,0.5,top_driver
POTTAWATTAMIE,2024-12-01,item,JAMESON MINI,0.5,top_driver
POTTAWATTAMIE,2024-12-01,item,OLE SMOKY BUTTER PECAN MOONSHINE MINI,0.30000000000000004,top_driver
POTTAWATTAMIE,2024-12-01,item,JIM BEAM PEACH MINI,0.09999999999999998,top_driver
POTTAWATTAMIE,2024-12-01,item,99 WATERMELON PET MINI,0.05000000000000002,top_driver
POTTAWATTAMIE,2024-12-01,store,SAM'S CLUB 6472 / COUNCIL BLUFFS,-351.0,top_detractor
POTTAWATTAMIE,2024-12-01,store,"HY-VEE FOOD STORE #1 / COUNCIL BLUFFS",-314.62,top_detractor
POTTAWATTAMIE,2024-12-01,store,"CASEY'S GENERAL STORE #3050 / COUNCIL BLUFFS",-35.6,top_detractor
POTTAWATTAMIE,2024-12-01,store,MEGA SAVER / COUNCIL BLUFFS,-1.4999999999999987,top_detractor
POTTAWATTAMIE,2024-12-01,store,"CASEY'S GENERAL STORE #3205 / COUNCI",-0.7999999999999999,top_detractor
POTTAWATTAMIE,2024-12-01,store,"TOBACCO HUT #18 / COUNCIL BLUFFS",-0.10000000000000009,top_detractor
POTTAWATTAMIE,2024-12-01,store,CARSON COUNTRY STORE LLC / CARSON,-0.09999999999999999,top_detractor
POTTAWATTAMIE,2024-12-01,store,AVOCA FOOD LAND,0.0,top_detractor
POTTAWATTAMIE,2024-12-01,store,"CASEY'S GENERAL STORE #38 / TREYNOR",0.0,top_detractor
POTTAWATTAMIE,2024-12-01,store,"CASEY'S GENERAL STORE #3203 / COUNCI",0.0,top_detractor
POTTAWATTAMIE,2024-12-01,store,I-80 LIQUOR / COUNCIL BLUFFS,255.0,top_driver
POTTAWATTAMIE,2024-12-01,store,"HY-VEE FOOD STORE #2 / COUNCIL BLUFFS",26.85,top_driver
POTTAWATTAMIE,2024-12-01,store,"CASEY'S #6127 / COUNCIL BLUFFS",25.8,top_driver
POTTAWATTAMIE,2024-12-01,store,"KWIK SHOP #527 / COUNCIL BLUFFS",19.05,top_driver
POTTAWATTAMIE,2024-12-01,store,CB QUICK STOP / COUNCIL BLUFFS,1.1999999999999997,top_driver
POTTAWATTAMIE,2024-12-01,store,"CASEY'S #6116 / COUNCIL BLUFFS",1.15,top_driver
POTTAWATTAMIE,2024-12-01,store,"CASEY'S GENERAL STORE # 3509/ CARTER LAKE",0.44999999999999996,top_driver
POTTAWATTAMIE,2024-12-01,store,"CASEY'S GENERAL STORE #3201 / COUNCIL BLUFFS",0.44999999999999996,top_driver
POTTAWATTAMIE,2024-12-01,store,"CASEY'S #6122 / COUNCIL BLUFFS",0.4,top_driver
POTTAWATTAMIE,2024-12-01,store,SPEEDEE MART 1515 / COUNCIL BLUFFS,0.3700000000000001,top_driver
POWESHIEK,2024-12-01,category,IMPORTED VODKAS,-0.95,top_driver
POWESHIEK,2024-12-01,category,AMERICAN FLAVORED VODKA,0.7,top_driver
POWESHIEK,2024-12-01,category,IMPORTED CORDIALS & LIQUEURS,-0.6499999999999999,top_driver
POWESHIEK,2024-12-01,category,AMERICAN BRANDIES,-0.3700000000000001,top_driver
POWESHIEK,2024-12-01,category,WHISKEY LIQUEUR,-0.05,top_driver
POWESHIEK,2024-12-01,category,100% AGAVE TEQUILA,-0.04999999999999999,top_driver
POWESHIEK,2024-12-01,category,SCOTCH WHISKIES,0.0,top_driver
POWESHIEK,2024-12-01,item,JOSE CUERVO ESPECIAL SILVER MINI,-0.04999999999999999,top_driver
POWESHIEK,2024-12-01,store,MCNALLY'S SUPER VALU,-3.2,top_driver
POWESHIEK,2024-12-01,store,"KUM & GO #22 / GRINNELL",1.77,top_driver
POWESHIEK,2024-12-01,store,MONTE SPIRITS,-1.0,top_driver
POWESHIEK,2024-12-01,store,VICTOR'S MARKET,-0.44999999999999996,top_driver
POWESHIEK,2024-12-01,store,"CASEY'S GENERAL STORE #1527 / GRINNELL",-0.09999999999999999,top_driver
POWESHIEK,2024-12-01,store,"FAREWAY STORES #737 / GRINNELL",-0.050000000000000044,top_driver
POWESHIEK,2024-12-01,store,PHILLIPS 66 / GRINNELL,-0.04999999999999999,top_driver
SAC,2024-12-01,category,TEMPORARY & SPECIALTY PACKAGES,0.35,top_driver
SAC,2024-12-01,category,AMERICAN SCHNAPPS,0.0,top_driver
SAC,2024-12-01,item,99 PEPPERMINT MINI,0.0,top_driver
SAC,2024-12-01,store,SAC LIQUOR STORE,-1.45,top_driver
SAC,2024-12-01,store,LAKE VIEW FOODS,0.0,top_driver
SCOTT,2024-12-01,category,IMPORTED DISTILLED SPIRITS SPECIALTY,-119.25,top_detractor
SCOTT,2024-12-01,category,COCKTAILS/RTD,-89.6,top_detractor
SCOTT,2024-12-01,category,IMPORTED BRANDIES,-14.25,top_detractor
SCOTT,2024-12-01,category,CANADIAN WHISKIES,-9.030000000000003,top_detractor
SCOTT,2024-12-01,category,SINGLE MALT SCOTCH,-3.25,top_detractor
SCOTT,2024-12-01,category,WHITE RUM,-1.02,top_detractor
SCOTT,2024-12-01,category,TEMPORARY & SPECIALTY PACKAGES,-1.0,top_detractor
SCOTT,2024-12-01,category,COFFEE LIQUEURS,0.35000000000000003,top_detractor
SCOTT,2024-12-01,category,AMERICAN DRY GINS,0.0,top_detractor
SCOTT,2024-12-01,category,NEUTRAL GRAIN SPIRITS,0.0,top_detractor
SCOTT,2024-12-01,category,AMERICAN VODKAS,608.95,top_driver
SCOTT,2024-12-01,category,STRAIGHT BOURBON WHISKIES,131.77,top_driver
SCOTT,2024-12-01,category,IMPORTED VODKAS,126.75,top_driver
SCOTT,2024-12-01,category,WHISKEY LIQUEUR,123.14999999999999,top_driver
SCOTT,2024-12-01,category,IRISH WHISKIES,46.55,top_driver
SCOTT,2024-12-01,category,100% AGAVE TEQUILA,28.370000000000005,top_driver
SCOTT,2024-12-01,category,TENNESSEE WHISKIES,21.950000000000003,top_driver
SCOTT,2024-12-01,category,CREAM LIQUEURS,13.35,top_driver
SCOTT,2024-12-01,category,IMPORTED CORDIALS & LIQUEURS,5.78,top_driver
SCOTT,2024-12-01,category,NEUTRAL GRAIN SPIRITS FLAVORED,2.0,top_driver
SCOTT,2024-12-01,item,KAHLUA COFFEE,-191.6,top_detractor
SCOTT,2024-12-01,item,HORNITOS PLATA,-104.25,top_detractor
SCOTT,2024-12-01,item,TITOS HANDMADE VODKA,-40.5,top_detractor
SCOTT,2024-12-01,item,OLE SMOKY MINT CHOCOLATE CHIP CREAM WHISKEY,-22.5,top_detractor
SCOTT,2024-12-01,item,MCCORMICK 80PRF VODKA,-21.0,top_detractor
SCOTT,2024-12-01,item,MCCORMICK 80PRF VODKA PET,-9.0,top_detractor
SCOTT,2024-12-01,item,CROWN ROYAL REGAL APPLE,-7.930000000000001,top_detractor
SCOTT,2024-12-01,item,JOSE CUERVO ESPECIAL SILVER,-3.4,top_detractor
SCOTT,2024-12-01,item,PATRON SILVER,-1.2799999999999998,top_detractor
SCOTT,2024-12-01,item,JIM BEAM,-0.8,top_detractor
SCOTT,2024-12-01,item,FIREBALL CINNAMON WHISKEY,127.2,top_driver
SCOTT,2024-12-01,item,ABSOLUT SWEDISH VODKA 80PRF,126.75,top_driver
SCOTT,2024-12-01,item,JAMESON,47.25,top_driver
SCOTT,2024-12-01,item,CHAMBORD LIQUEUR ROYALE DE FRANCE,5.6000000000000005,top_driver
SCOTT,2024-12-01,item,FIREBALL CINNAMON WHISKEY 100ML CARRIER,1.6000000000000005,top_driver
SCOTT,2024-12-01,item,KESSLER BLEND WHISKEY,1.12,top_driver
SCOTT,2024-12-01,item,1800 SILVER,0.7500000000000001,top_driver
SCOTT,2024-12-01,item,NEW AMSTERDAM PINK WHITNEY MINI,0.75,top_driver
SCOTT,2024-12-01,item,CROWN ROYAL VANILLA,0.7,top_driver
SCOTT,2024-12-01,item,JIM BEAM HONEY,0.25,top_driver
SCOTT,2024-12-01,store,MADELLA WINE AND SPIRITS / BETTENDORF,-87.6,top_detractor
SCOTT,2024-12-01,store,SUB EXPRESS & GAS,-35.75,top_detractor
SCOTT,2024-12-01,store,SUPER MARKET / DAVENPORT,-18.85,top_detractor
SCOTT,2024-12-01,store,HY-VEE WINE AND SPIRITS / BETTENDORF,-4.759999999999999,top_detractor
SCOTT,2024-12-01,store,"CASEY'S GENERAL STORE #3288 / BLUE GRASS",-1.75,top_detractor
SCOTT,2024-12-01,store,KC BROTHERS,-0.75,top_detractor
SCOTT,2024-12-01,store,JEFF'S MARKET / BLUE GRASS,-0.5,top_detractor
SCOTT,2024-12-01,store,"CASEY'S GENERAL STORE #1061 / PRINCETON",-0.050000000000000044,top_detractor
SCOTT,2024-12-01,store,ELDRIDGE MART,0.0,top_detractor
SCOTT,2024-12-01,store,"SMOKIN' JOE'S #8 TOBACCO AND LIQUOR OUTLET",0.0,top_detractor
SCOTT,2024-12-01,store,SAM'S CLUB 8238 / DAVENPORT,838.5,top_driver
SCOTT,2024-12-01,store,"FAREWAY STORES #987 / DAVENPORT",130.5,top_driver
SCOTT,2024-12-01,store,"HY-VEE #3 FOOD & DRUGSTORE / DAVENPORT",74.25,top_driver
SCOTT,2024-12-01,store,"HY-VEE #5 / DAVENPORT",29.27,top_driver
SCOTT,2024-12-01,store,SAM'S FOOD,27.05,top_driver
SCOTT,2024-12-01,store,WASHINGTON STREET MINI MART,26.4,top_driver
SCOTT,2024-12-01,store,PERFECT VALUE LIQUOR MART,15.85,top_driver
SCOTT,2024-12-01,store,WAL-MART 1241 / DAVENPORT,15.0,top_driver
SCOTT,2024-12-01,store,GD XPRESS / DAVENPORT,13.7,top_driver
SCOTT,2024-12-01,store,"FAREWAY STORES #044 / BETTENDORF",13.5,top_driver
SHELBY,2024-12-01,category,AMERICAN VODKAS,-114.9,top_driver
SHELBY,2024-12-01,category,100% AGAVE TEQUILA,0.35,top_driver
SHELBY,2024-12-01,store,HY-VEE WINE AND SPIRITS / HARLAN,-5.95,top_driver
SHELBY,2024-12-01,store,"CASEY'S GENERAL STORE #2914 / HARLAN",0.5,top_driver
SHELBY,2024-12-01,store,"FAREWAY STORES #790 / HARLAN",0.15000000000000002,top_driver
SIOUX,2024-12-01,category,CANADIAN WHISKIES,-36.35,top_driver
SIOUX,2024-12-01,category,TEMPORARY & SPECIALTY PACKAGES,-31.7,top_driver
SIOUX,2024-12-01,category,STRAIGHT BOURBON WHISKIES,0.75,top_driver
SIOUX,2024-12-01,category,WHISKEY LIQUEUR,-0.75,top_driver
SIOUX,2024-12-01,category,COCKTAILS/RTD,0.6700000000000002,top_driver
SIOUX,2024-12-01,category,AMERICAN FLAVORED VODKA,0.65,top_driver
SIOUX,2024-12-01,category,IMPORTED FLAVORED VODKA,0.0,top_driver
SIOUX,2024-12-01,category,NEUTRAL GRAIN SPIRITS FLAVORED,0.0,top_driver
SIOUX,2024-12-01,item,PEARL CUCUMBER,0.0,top_driver
SIOUX,2024-12-01,item,FIREBALL CINNAMON WHISKEY PARTY BUCKET,0.0,top_driver
SIOUX,2024-12-01,store,"FAREWAY STORES #058 / ORANGE CITY",-36.0,top_driver
SIOUX,2024-12-01,store,PUMP N PACK / ROCK VALLEY,-4.12,top_driver
SIOUX,2024-12-01,store,"BREW OIL #13 / ORANGE CITY",1.77,top_driver
SIOUX,2024-12-01,store,"FAREWAY STORES, INC. #247 / HULL",-0.95,top_driver
SIOUX,2024-12-01,store,HY-VEE FOOD STORE / SIOUX CENTER,0.75,top_driver
SIOUX,2024-12-01,store,QUICK CORNER / HAWARDEN,-0.75,top_driver
SIOUX,2024-12-01,store,"BREW OIL #11 / BOYDEN",-0.7,top_driver
SIOUX,2024-12-01,store,"FAREWAY STORES #912 / SIOUX CENTER",0.15000000000000002,top_driver
SIOUX,2024-12-01,store,"CASEY'S GENERAL STORE #1166 / HULL",-0.050000000000000044,top_driver
SIOUX,2024-12-01,store,DUTCHMART FOODS / ORANGE CITY,0.0,top_driver
STORY,2024-12-01,category,BOTTLED IN BOND BOURBON,-22.5,top_detractor
STORY,2024-12-01,category,CANADIAN WHISKIES,-6.85,top_detractor
STORY,2024-12-01,category,100% AGAVE TEQUILA,-0.8500000000000001,top_detractor
STORY,2024-12-01,category,AMERICAN VODKAS,161.45999999999998,top_driver
STORY,2024-12-01,category,AMERICAN DISTILLED SPIRITS SPECIALTY,26.2,top_driver
STORY,2024-12-01,category,STRAIGHT BOURBON WHISKIES,2.7,top_driver
STORY,2024-12-01,category,WHISKEY LIQUEUR,1.45,top_driver
STORY,2024-12-01,category,CREAM LIQUEURS,0.85,top_driver
STORY,2024-12-01,category,MIXTO TEQUILA,0.65,top_driver
STORY,2024-12-01,category,IMPORTED SCHNAPPS,-0.09999999999999999,top_driver
STORY,2024-12-01,category,STRAIGHT RYE WHISKIES,0.050000000000000044,top_driver
STORY,2024-12-01,category,IMPORTED DISTILLED SPIRITS SPECIALTY,0.0,top_driver
STORY,2024-12-01,category,AMERICAN FLAVORED VODKA,0.0,top_driver
STORY,2024-12-01,item,CALIBER VODKA,-10.5,top_detractor
STORY,2024-12-01,item,JOSE CUERVO ESPECIAL REPOSADO,-1.25,top_detractor
STORY,2024-12-01,item,BAILEYS ORIGINAL IRISH CREAM MINI,-0.85,top_detractor
STORY,2024-12-01,item,BLACK VELVET MINI,-0.35000000000000003,top_detractor
STORY,2024-12-01,item,RUMPLE MINZE PEPPERMINT SCHNAPPS LIQUEUR MINI,-0.09999999999999999,top_detractor
STORY,2024-12-01,item,NEW AMSTERDAM PEACH,-0.050000000000000044,top_detractor
STORY,2024-12-01,item,CROWN ROYAL MINI,-0.04999999999999999,top_detractor
STORY,2024-12-01,item,HAWKEYE VODKA,4.38,top_driver
STORY,2024-12-01,item,FIREBALL CINNAMON WHISKEY MINI SLEEVE,1.2,top_driver
STORY,2024-12-01,item,JIM BEAM,1.2,top_driver
STORY,2024-12-01,item,HAWKEYE VODKA MINI,0.6,top_driver
STORY,2024-12-01,item,FIREBALL CINNAMON WHISKEY PARTY BUCKET,0.05,top_driver
STORY,2024-12-01,item,SMIRNOFF 80PRF MINI,-2.7755575615628914e-17,top_driver
STORY,2024-12-01,item,EVAN WILLIAMS BOTTLED IN BOND,0.0,top_driver
STORY,2024-12-01,item,WIDOW JANE 10YR BOURBON WHISKEY,0.0,top_driver
STORY,2024-12-01,item,FIREBALL CINNAMON WHISKEY MINI DISPENSER,0.0,top_driver
STORY,2024-12-01,item,DON JULIO 1942,0.0,top_driver
STORY,2024-12-01,store,WAL-MART 4256 / AMES,-21.0,top_detractor
STORY,2024-12-01,store,"KUM & GO #1215 / AMES",-7.65,top_detractor
STORY,2024-12-01,store,"FAREWAY STORES #155 / HUXLEY",-1.5,top_detractor
STORY,2024-12-01,store,"CASEY'S #4315 - AMES",-1.2,top_detractor
STORY,2024-12-01,store,"KUM & GO #200 / AMES",-0.6900000000000004,top_detractor
STORY,2024-12-01,store,MMDG SPIRITS / AMES,-0.25,top_detractor
STORY,2024-12-01,store,"KUM & GO #1113 / AMES",-0.15,top_detractor
STORY,2024-12-01,store,CYCLONE LIQUORS,-0.05,top_detractor
STORY,2024-12-01,store,"HY-VEE  #2 (1018) / AMES",87.44999999999999,top_driver
STORY,2024-12-01,store,"KUM & GO #0217 -AMES",6.25,top_driver
STORY,2024-12-01,store,KWIK STOP LIQUOR & GROCERIES AMES,1.3,top_driver
STORY,2024-12-01,store,SUNDOWN LIQUOR AND GROCERIES / NEVADA,0.75,top_driver
STORY,2024-12-01,store,"HY-VEE FOOD STORE #1 (1013) / AMES",0.55,top_driver
STORY,2024-12-01,store,AJ'S LIQUOR II,0.5,top_driver
STORY,2024-12-01,store,"KWIK SPIRITS #530 / AMES",0.25,top_driver
STORY,2024-12-01,store,"KUM & GO #216  AMES",0.050000000000000044,top_driver
STORY,2024-12-01,store,"KWIK STAR #1158 / AMES",0.0,top_driver
STORY,2024-12-01,store,"CASEY'S GENERAL STORE #2301 / AMES",0.0,top_driver
TAMA,2024-12-01,category,NEUTRAL GRAIN SPIRITS FLAVORED,-13.1,top_driver
TAMA,2024-12-01,category,WHISKEY LIQUEUR,-1.5999999999999999,top_driver
TAMA,2024-12-01,store,TWIN TOWN LIQUOR,-35.95,top_driver
TAMA,2024-12-01,store,"CASEY'S GENERAL STORE # 1029/ TAMA",-1.1999999999999997,top_driver
TAYLOR,2024-12-01,category,AMERICAN SCHNAPPS,-0.05,top_driver
TAYLOR,2024-12-01,item,99 FRUITS MINI,-0.05,top_driver
TAYLOR,2024-12-01,store,"CASEY'S GENERAL STORE #2541 / BEDFORD",0.0,top_driver
UNION,2024-12-01,category,TEMPORARY & SPECIALTY PACKAGES,-36.0,top_driver
UNION,2024-12-01,category,STRAIGHT BOURBON WHISKIES,0.7,top_driver
UNION,2024-12-01,category,AMERICAN FLAVORED VODKA,0.7,top_driver
UNION,2024-12-01,category,MIXTO TEQUILA,0.5,top_driver
UNION,2024-12-01,category,AMERICAN VODKAS,0.25,top_driver
UNION,2024-12-01,item,JOSE CUERVO ESPECIAL REPOSADO MINI,0.5,top_driver
UNION,2024-12-01,store,"CASEY'S GENERAL STORE #3852 / CRESTON",-1.2000000000000002,top_driver
UNION,2024-12-01,store,"CASEY'S GENERAL STORE #2626 / AFTON",-0.2,top_driver
UNION,2024-12-01,store,DISCOUNT LIQUOR TOBACCO & VAPE / CRESTON,0.0,top_driver
VAN BUREN,2024-12-01,category,CREAM LIQUEURS,-0.65,top_driver
VAN BUREN,2024-12-01,store,DOUDS KWIK STOP / DOUDS,0.05,top_driver
WAPELLO,2024-12-01,category,CANADIAN WHISKIES,262.3,top_driver
WAPELLO,2024-12-01,category,AMERICAN VODKAS,34.2,top_driver
WAPELLO,2024-12-01,category,FLAVORED RUM,-26.9,top_driver
WAPELLO,2024-12-01,category,SPICED RUM,-16.299999999999997,top_driver
WAPELLO,2024-12-01,category,AMERICAN SCHNAPPS,-1.57,top_driver
WAPELLO,2024-12-01,category,TENNESSEE WHISKIES,-1.2200000000000002,top_driver
WAPELLO,2024-12-01,category,TEMPORARY & SPECIALTY PACKAGES,0.65,top_driver
WAPELLO,2024-12-01,category,AMERICAN CORDIALS & LIQUEURS,0.6,top_driver
WAPELLO,2024-12-01,category,IMPORTED FLAVORED VODKA,-0.44999999999999996,top_driver
WAPELLO,2024-12-01,item,CROWN ROYAL,262.13,top_driver
WAPELLO,2024-12-01,item,TITOS HANDMADE VODKA,34.88,top_driver
WAPELLO,2024-12-01,item,"JACK DANIELS OLD #7 BLACK LABEL MINI",-1.7999999999999998,top_driver
WAPELLO,2024-12-01,item,KINKY BLUE MINI,-0.6,top_driver
WAPELLO,2024-12-01,item,CAPTAIN MORGAN ORIGINAL SPICED MINI,-0.39999999999999997,top_driver
WAPELLO,2024-12-01,item,ARROW PEPPERMINT SCHNAPPS MINI,0.19999999999999998,top_driver
WAPELLO,2024-12-01,item,MALIBU COCONUT MINI,0.05,top_driver
WAPELLO,2024-12-01,item,99 APPLES MINI DISPLAY,0.0,top_driver
WAPELLO,2024-12-01,store,"FAREWAY STORES #648 / OTTUMWA",262.45,top_driver
WAPELLO,2024-12-01,store,MAD AVE QUIK SHOP,-73.5,top_driver
WAPELLO,2024-12-01,store,IOWA LIQUOR & TOBACCO,30.9,top_driver
WAPELLO,2024-12-01,store,"HY-VEE FOOD STORE #1 (1504) / OTTUMWA",28.450000000000003,top_driver
WAPELLO,2024-12-01,store,HY-VEE DRUGSTORE / OTTUMWA,-1.4200000000000002,top_driver
WAPELLO,2024-12-01,store,"CASEY'S GENERAL STORE #2208 / OTTUMWA",-1.15,top_driver
WAPELLO,2024-12-01,store,FINE LIQUOR & TOBACCO,-1.12,top_driver
WAPELLO,2024-12-01,store,"CASEY'S GENERAL STORE #0007 / OTTUMWA",0.5499999999999999,top_driver
WAPELLO,2024-12-01,store,"HY-VEE GAS #2 / OTTUMWA",0.0,top_driver
WARREN,2024-12-01,category,TENNESSEE WHISKIES,-199.15,top_driver
WARREN,2024-12-01,category,STRAIGHT BOURBON WHISKIES,-26.85,top_driver
WARREN,2024-12-01,category,AMERICAN VODKAS,14.649999999999999,top_driver
WARREN,2024-12-01,category,TEMPORARY & SPECIALTY PACKAGES,-0.75,top_driver
WARREN,2024-12-01,category,WHISKEY LIQUEUR,-0.6000000000000001,top_driver
WARREN,2024-12-01,category,CANADIAN WHISKIES,0.2,top_driver
WARREN,2024-12-01,category,BLENDED WHISKIES,0.0,top_driver
WARREN,2024-12-01,category,AMERICAN SCHNAPPS,0.0,top_driver
WARREN,2024-12-01,item,BLUE OX VODKA,-293.0,top_detractor
WARREN,2024-12-01,item,FIREBALL CINNAMON WHISKEY MINI SLEEVE,-0.6000000000000001,top_detractor
WARREN,2024-12-01,item,SMIRNOFF 80PRF MINI,0.44999999999999996,top_driver
WARREN,2024-12-01,item,JIM BEAM PEACH MINI,-0.44999999999999996,top_driver
WARREN,2024-12-01,item,"JACK DANIELS OLD #7 BLACK LABEL MINI",0.35,top_driver
WARREN,2024-12-01,item,CROWN ROYAL MINI,0.35,top_driver
WARREN,2024-12-01,item,TITOS HANDMADE VODKA MINI,0.25,top_driver
WARREN,2024-12-01,item,99 STRAWBERRIES MINI,-0.15000000000000002,top_driver
WARREN,2024-12-01,item,FIREBALL CINNAMON WHISKEY CANDY CANES,0.0,top_driver
WARREN,2024-12-01,item,FIREBALL CINNAMON WHISKEY 100ML CARRIER,0.0,top_driver
WARREN,2024-12-01,item,FIREBALL GIFT BOX,0.0,top_driver
WARREN,2024-12-01,item,HAWKEYE VODKA,0.0,top_driver
WARREN,2024-12-01,store,HY-VEE FOOD STORE (1271) / INDIANOLA,-79.65,top_driver
WARREN,2024-12-01,store,"KUM & GO #240 / NORTH AVE NORWALK",6.95,top_driver
WARREN,2024-12-01,store,"CASEY'S GENERAL STORE #1428 / MILO",6.95,top_driver
WARREN,2024-12-01,store,"CASEY'S GENERAL STORE #2568 / NORWALK",-1.55,top_driver
WARREN,2024-12-01,store,"CASEY'S GENERAL STORE #2097 / INDIANOLA",0.9999999999999998,top_driver
WARREN,2024-12-01,store,"CASEY'S GENERAL STORE #1623 / INDIANOLA",0.39999999999999997,top_driver
WARREN,2024-12-01,store,"CASEY'S GENERAL STORE #14 / CARLISLE",-0.3999999999999999,top_driver
WARREN,2024-12-01,store,"CASEY'S GENERAL STORE #1908 / INDIANOLA",-0.09999999999999998,top_driver
WARREN,2024-12-01,store,"KUM & GO #1056/ BEVINGTON",-0.04999999999999999,top_driver
WARREN,2024-12-01,store,"KUM & GO #43 / NEW VIRGINIA",0.0,top_driver
WASHINGTON,2024-12-01,category,MIXTO TEQUILA,119.4,top_driver
WASHINGTON,2024-12-01,category,WHITE RUM,-46.13,top_driver
WASHINGTON,2024-12-01,category,AMERICAN FLAVORED VODKA,-0.75,top_driver
WASHINGTON,2024-12-01,category,AMERICAN CORDIALS & LIQUEURS,-0.7,top_driver
WASHINGTON,2024-12-01,category,TEMPORARY & SPECIALTY PACKAGES,0.0,top_driver
WASHINGTON,2024-12-01,item,THE ORIGINAL PICKLE SHOT DILL PICKLE VODKA MINI,0.0,top_driver
WASHINGTON,2024-12-01,item,EARLY TIMES BOTTLED IN BOND,0.0,top_driver
WASHINGTON,2024-12-01,store,WASHINGTON LIQUOR AND TOBACCO OUTLET / WASHINGTON,-14.35,top_driver
WASHINGTON,2024-12-01,store,LIQUOR+ MADISON / WASHINGTON,-1.13,top_driver
WASHINGTON,2024-12-01,store,WASHINGTON SPIRITS & TOBACCO / WASHINGTON,-0.05,top_driver
WASHINGTON,2024-12-01,store,WESTSIDE PETRO,0.0,top_driver
WAYNE,2024-12-01,category,MIXTO TEQUILA,-1.7200000000000002,top_driver
WAYNE,2024-12-01,category,NEUTRAL GRAIN SPIRITS FLAVORED,-0.05,top_driver
WAYNE,2024-12-01,item,OLE SMOKY BANANA PUDDING CREAM MOONSHINE MINI,-0.05,top_driver
WAYNE,2024-12-01,store,"CASEY'S GENERAL STORE #1125 / HUMEST",-0.15000000000000002,top_driver
WAYNE,2024-12-01,store,"CASEY'S #4294 / CORYDON",0.0,top_driver
WEBSTER,2024-12-01,category,FLAVORED RUM,47.25,top_driver
WEBSTER,2024-12-01,category,SPICED RUM,-42.0,top_driver
WEBSTER,2024-12-01,category,AMERICAN VODKAS,32.849999999999994,top_driver
WEBSTER,2024-12-01,category,WHISKEY LIQUEUR,-3.1499999999999995,top_driver
WEBSTER,2024-12-01,category,STRAIGHT BOURBON WHISKIES,-0.75,top_driver
WEBSTER,2024-12-01,category,IMPORTED FLAVORED VODKA,0.32000000000000006,top_driver
WEBSTER,2024-12-01,category,AMERICAN BRANDIES,-0.19999999999999998,top_driver
WEBSTER,2024-12-01,category,TEMPORARY & SPECIALTY PACKAGES,0.0,top_driver
WEBSTER,2024-12-01,category,AMERICAN SCHNAPPS,0.0,top_driver
WEBSTER,2024-12-01,item,FIREBALL CINNAMON WHISKEY MINI SLEEVE,-2.4,top_driver
WEBSTER,2024-12-01,item,FIREBALL CINNAMON WHISKEY PARTY BUCKET,-0.2,top_driver
WEBSTER,2024-12-01,item,PAUL MASSON GRANDE AMBER BRANDY VS MINI,0.05,top_driver
WEBSTER,2024-12-01,item,JOSEPH MAGNUS CIGAR BLEND BOURBON,0.0,top_driver
WEBSTER,2024-12-01,item,CAPTAIN MORGAN ORIGINAL SPICED MINI,0.0,top_driver
WEBSTER,2024-12-01,store,HY-VEE FORT DODGE WINE AND SPIRITS,152.35000000000002,top_driver
WEBSTER,2024-12-01,store,KAREN'S SPIRITS AND WINE,-4.3,top_driver
WEBSTER,2024-12-01,store,STAR CONVENIENCE / FORT DODGE,1.8199999999999998,top_driver
WEBSTER,2024-12-01,store,"KWIK SPIRITS #1191 / FORT DODGE",0.75,top_driver
WEBSTER,2024-12-01,store,NEW STAR / FORT DODGE,-0.45,top_driver
WEBSTER,2024-12-01,store,HIWAY 20 LIQUOR AND TOBACCO / FORT DODGE,-0.05,top_driver
WINNEBAGO,2024-12-01,category,TEMPORARY & SPECIALTY PACKAGES,0.0,top_driver
WINNEBAGO,2024-12-01,store,"CASEY'S GENERAL STORE #1705 / LAKE M",0.07000000000000028,top_driver
WINNEBAGO,2024-12-01,store,OLD FIRE LIQUOR / BUFFALO CENTER,0.0,top_driver
WINNESHIEK,2024-12-01,category,WHISKEY LIQUEUR,-1.5,top_driver
WINNESHIEK,2024-12-01,category,MIXTO TEQUILA,0.95,top_driver
WINNESHIEK,2024-12-01,category,TENNESSEE WHISKIES,0.75,top_driver
WINNESHIEK,2024-12-01,category,CREAM LIQUEURS,0.5,top_driver
WINNESHIEK,2024-12-01,category,CANADIAN WHISKIES,-0.3700000000000001,top_driver
WINNESHIEK,2024-12-01,category,TEMPORARY & SPECIALTY PACKAGES,0.0,top_driver
WINNESHIEK,2024-12-01,item,JOSE CUERVO ESPECIAL REPOSADO,-35.0,top_driver
WINNESHIEK,2024-12-01,store,DECORAH MART / DECORAH,2.25,top_driver
WINNESHIEK,2024-12-01,store,"CASEY'S GENERAL STORE #2183/DECORAH",-1.5,top_driver
WINNESHIEK,2024-12-01,store,HUBER'S STORE / FORT ATKINSON,0.25,top_driver
WOODBURY,2024-12-01,category,AMERICAN VODKAS,-405.15,top_detractor
WOODBURY,2024-12-01,category,IRISH WHISKIES,-34.03,top_detractor
WOODBURY,2024-12-01,category,100% AGAVE TEQUILA,-29.049999999999997,top_detractor
WOODBURY,2024-12-01,category,MIXTO TEQUILA,-27.55,top_detractor
WOODBURY,2024-12-01,category,WHISKEY LIQUEUR,-19.72,top_detractor
WOODBURY,2024-12-01,category,AMERICAN SCHNAPPS,-19.1,top_detractor
WOODBURY,2024-12-01,category,IMPORTED DISTILLED SPIRITS SPECIALTY,-0.75,top_detractor
WOODBURY,2024-12-01,category,AMERICAN BRANDIES,-0.6,top_detractor
WOODBURY,2024-12-01,category,CANADIAN WHISKIES,152.32000000000002,top_driver
WOODBURY,2024-12-01,category,CREAM LIQUEURS,81.55,top_driver
WOODBURY,2024-12-01,category,FLAVORED RUM,64.5,top_driver
WOODBURY,2024-12-01,category,COCKTAILS/RTD,62.25,top_driver
WOODBURY,2024-12-01,category,TEMPORARY & SPECIALTY PACKAGES,2.25,top_driver
WOODBURY,2024-12-01,category,STRAIGHT BOURBON WHISKIES,2.0,top_driver
WOODBURY,2024-12-01,category,AMERICAN CORDIALS & LIQUEURS,0.6000000000000001,top_driver
WOODBURY,2024-12-01,category,IMPORTED SCHNAPPS,0.5499999999999999,top_driver
WOODBURY,2024-12-01,category,AMERICAN DRY GINS,-0.5499999999999999,top_driver
WOODBURY,2024-12-01,category,NEUTRAL GRAIN SPIRITS FLAVORED,0.0,top_driver
WOODBURY,2024-12-01,item,PATRON SILVER,-29.25,top_detractor
WOODBURY,2024-12-01,item,TITOS HANDMADE VODKA,-22.5,top_detractor
WOODBURY,2024-12-01,item,BLACK VELVET,-21.0,top_detractor
WOODBURY,2024-12-01,item,FIREBALL CINNAMON WHISKEY,-18.45,top_detractor
WOODBURY,2024-12-01,item,CROWN ROYAL,-8.0,top_detractor
WOODBURY,2024-12-01,item,FIREBALL CINNAMON WHISKEY 100ML CARRIER,-3.2,top_detractor
WOODBURY,2024-12-01,item,OLE SMOKY WHITE CHOCOLATE STRAWBERRY MOONSHINE MINI,-0.8,top_detractor
WOODBURY,2024-12-01,item,JOSE CUERVO ESPECIAL REPOSADO MINI,-0.5499999999999999,top_detractor
WOODBURY,2024-12-01,item,SEAGRAMS EXTRA DRY GIN MINI,-0.5499999999999999,top_detractor
WOODBURY,2024-12-01,item,NEW AMSTERDAM 80PRF MINI,-0.4,top_detractor
WOODBURY,2024-12-01,item,BLACK VELVET PEACH CANADIAN WHISKEY,66.5,top_driver
WOODBURY,2024-12-01,item,MALIBU COCONUT,36.0,top_driver
WOODBURY,2024-12-01,item,BUZZBALLZ BIGGIES TEQUILA RITA,26.25,top_driver
WOODBURY,2024-12-01,item,CROWN ROYAL PEACH,18.0,top_driver
WOODBURY,2024-12-01,item,HAWKEYE VODKA,6.25,top_driver
WOODBURY,2024-12-01,item,JIM BEAM MINI,0.5499999999999999,top_driver
WOODBURY,2024-12-01,item,RUMPLE MINZE PEPPERMINT SCHNAPPS LIQUEUR MINI,0.5499999999999999,top_driver
WOODBURY,2024-12-01,item,RUMCHATA MINI,0.5,top_driver
WOODBURY,2024-12-01,item,SOUTHERN COMFORT MINI,0.45000000000000007,top_driver
WOODBURY,2024-12-01,item,FIREBALL CINNAMON WHISKEY PARTY BUCKET,0.15000000000000002,top_driver
WOODBURY,2024-12-01,store,"FAREWAY STORES #022 / SIOUX CITY",-388.5,top_detractor
WOODBURY,2024-12-01,store,SAM'S CLUB 6432 / SIOUX CITY,-111.0,top_detractor
WOODBURY,2024-12-01,store,SELECT MART    GORDON DR,-38.3,top_detractor
WOODBURY,2024-12-01,store,"HY-VEE FOOD STORE #4 / SIOUX CITY",-37.25,top_detractor
WOODBURY,2024-12-01,store,BEER ON FLOYD / SIOUX CITY,-36.199999999999996,top_detractor
WOODBURY,2024-12-01,store,HY-VEE FOOD STORE / SIOUX CITY,-26.95,top_detractor
WOODBURY,2024-12-01,store,"CASEY'S GENERAL STORE #3674 / SIOUX CITY",-18.95,top_detractor
WOODBURY,2024-12-01,store,"CASEY'S GENERAL STORE # 2889 / SIOUX CITY",-1.4900000000000002,top_detractor
WOODBURY,2024-12-01,store,CIRCLE S GORDON DRIVE,-1.2799999999999998,top_detractor
WOODBURY,2024-12-01,store,"CASEY'S GENERAL STORE # 2607/ SIOUX CITY",-0.7,top_detractor
WOODBURY,2024-12-01,store,"CHARLIE'S WINE AND SPIRITS,",134.67000000000002,top_driver
WOODBURY,2024-12-01,store,"HY-VEE FOOD STORE #3 / SIOUX CITY",63.949999999999996,top_driver
WOODBURY,2024-12-01,store,ONE STOP FOOD AND FUEL / SIOUX CITY,57.699999999999996,top_driver
WOODBURY,2024-12-01,store,"FAREWAY STORES #014 / SERGEANT BLUFF",41.7,top_driver
WOODBURY,2024-12-01,store,FLOYD FOOD AND FUEL / SIOUX CITY,19.15,top_driver
WOODBURY,2024-12-01,store,HELLO MART LLC / SIOUX CITY,12.2,top_driver
WOODBURY,2024-12-01,store,"CASEY'S GENERAL STORE #50 / MOVILLE",6.85,top_driver
WOODBURY,2024-12-01,store,"CASEY'S GENERAL STORE #2275 / SIOUX CITY",0.7000000000000001,top_driver
WOODBURY,2024-12-01,store,"KUM & GO #251 / SIOUX CITY",0.65,top_driver
WOODBURY,2024-12-01,store,"TOBACCO HUT #11 / SIOUX CITY",0.6499999999999999,top_driver
WORTH,2024-12-01,category,COCKTAILS/RTD,-0.6799999999999999,top_driver
WORTH,2024-12-01,category,AMERICAN SCHNAPPS,0.0,top_driver
WORTH,2024-12-01,store,"CASEY'S GENERAL STORE # 1876/MANLY",0.5200000000000001,top_driver
WORTH,2024-12-01,store,SHADE TREE LIQUORS,-0.09999999999999999,top_driver
WRIGHT,2024-12-01,category,WHISKEY LIQUEUR,2.4,top_driver
WRIGHT,2024-12-01,item,FIREBALL CINNAMON WHISKEY MINI SLEEVE,2.4,top_driver
WRIGHT,2024-12-01,store,"CASEY'S GENERAL STORE # 2494/ EAGLE GROVE",1.9,top_driver
WRIGHT,2024-12-01,store,"CASEY'S #4504 / DOWS",0.35,top_driver
