account,sale_month,total_volume_liters,total_sales_dollars,total_bottles,active_locations,active_items,mom_volume_liters,mom_volume_pct,mom_sales_dollars,mom_sales_pct,yoy_volume_liters,yoy_volume_pct,roll3_volume_liters
JOHNSON,2023-12-01,3915.04,34149.96000000001,2427.0,27,38,3448.75,7.396148319715196,21168.27000000001,1.630625134323807,,,2573.45
POLK,2023-12-01,3322.760000000002,90026.04999999993,4790.0,126,187,-4418.81000000001,-0.5707899043734027,-48365.81999999983,-0.3494845470330007,,,5111.823333333344
LINN,2023-12-01,2858.6600000000017,46936.13000000001,3397.0,48,116,1493.0700000000038,1.093351591619744,20714.39999999999,0.7899707608918242,,,1843.8433333333326
DALLAS,2023-12-01,933.72,16164.759999999998,744.0,20,23,-1262.4900000000005,-0.5748493996475748,-23532.8,-0.5928021772622801,,,1450.8566666666666
DUBUQUE,2023-12-01,580.1400000000001,4715.0,459.0,16,29,199.69000000000005,0.5248784334340912,-5028.329999999998,-0.5160792049535425,,,352.3866666666667
SCOTT,2023-12-01,501.07000000000033,12094.39999999999,890.0,37,59,-56.87999999999914,-0.10194461869342987,-1309.5100000000039,-0.09769612001274287,,,1604.8266666666675
WOODBURY,2023-12-01,454.6400000000002,8373.909999999996,605.0,25,35,14.300000000000011,0.03247490575464415,1265.6599999999953,0.1780550768473246,,,480.46000000000004
CLINTON,2023-12-01,348.30000000000007,6234.1799999999985,385.0,12,29,61.329999999999984,0.21371571941317896,-3570.3500000000004,-0.3641531006585732,,,319.87000000000006
BLACK HAWK,2023-12-01,346.0100000000003,9715.929999999997,493.0,30,61,-1441.6699999999985,-0.8064474626331332,-16992.700000000023,-0.6362250703237122,,,828.6966666666664
MARION,2023-12-01,324.40000000000003,5613.88,202.0,5,9,-237.59999999999997,-0.4227758007117437,-1854.88,-0.24835180136997306,,,296.01666666666665
HUMBOLDT,2023-12-01,181.00000000000003,5486.339999999999,152.0,4,4,179.15000000000003,96.83783783783785,5235.639999999999,20.884084563222974,,,61.13333333333335
DICKINSON,2023-12-01,173.9,8780.75,241.0,5,9,121.65,2.3282296650717704,6509.24,2.865600415582586,,,94.66666666666667
SIOUX,2023-12-01,162.8,2542.17,122.0,3,4,149.3,11.05925925925926,2200.16,6.433028274027075,,,73.0
STORY,2023-12-01,162.0400000000001,3818.1600000000003,252.0,20,31,-1333.7499999999989,-0.8916692851269227,-27451.110000000004,-0.877894175335721,,,651.3499999999998
CERRO GORDO,2023-12-01,157.7700000000001,4261.49,764.0,12,31,-400.0799999999999,-0.7171820381823069,-5539.779999999997,-0.5652104268120355,,,271.47333333333336
MUSCATINE,2023-12-01,157.14000000000001,2950.4,186.0,10,21,-12.629999999999995,-0.07439476939388581,702.25,0.31236794697862685,,,122.47333333333334
CARROLL,2023-12-01,148.45,1931.83,116.0,8,13,55.19999999999999,0.5919571045576406,-1798.3799999999997,-0.48211226713777505,,,94.41666666666667
POTTAWATTAMIE,2023-12-01,114.96000000000004,4312.91,532.0,24,32,-155.57000000000016,-0.5750563708276348,-2732.7,-0.38785853886320704,,,422.9500000000001
DES MOINES,2023-12-01,98.74999999999999,2930.2200000000003,205.0,11,19,57.54999999999999,1.3968446601941746,2117.9300000000003,2.6073569784190376,,,87.69999999999999
IOWA,2023-12-01,97.34,1417.67,132.0,6,12,-119.40999999999997,-0.5509111880046136,-1628.0100000000002,-0.5345308765201859,,,119.33666666666666
CLAY,2023-12-01,91.04999999999998,1739.0400000000002,71.0,3,8,-5.27000000000001,-0.05471345514950177,605.6900000000003,0.534424493757445,,,63.389999999999986
WARREN,2023-12-01,83.08999999999999,1688.4600000000003,95.0,9,14,73.78999999999999,7.934408602150538,149.59000000000015,0.09720769135794455,,,135.45333333333335
JACKSON,2023-12-01,78.2,864.85,95.0,5,6,40.2,1.0578947368421054,-116.20999999999992,-0.1184535094693494,,,49.88333333333333
FLOYD,2023-12-01,75.72,788.03,52.0,3,8,74.92,93.64999999999999,607.16,3.3568861613313428,,,25.540000000000003
HENRY,2023-12-01,71.76999999999998,2002.4800000000002,237.0,6,7,61.26999999999998,5.835238095238093,1252.3500000000004,1.6695106181595196,,,292.13999999999993
CLARKE,2023-12-01,67.5,2362.5,90.0,1,1,3.0,0.046511627906976744,1165.8600000000001,0.9742779783393504,,,110.16666666666667
PLYMOUTH,2023-12-01,62.25,937.9799999999999,91.0,4,5,52.15,5.163366336633662,149.1199999999999,0.1890322744213167,,,26.483333333333334
BREMER,2023-12-01,61.21999999999999,1711.2800000000002,128.0,6,9,-54.830000000000005,-0.47246876346402417,247.50000000000023,0.1690827856645126,,,60.76333333333333
LEE,2023-12-01,56.10999999999999,1055.0500000000002,71.0,5,22,-5.410000000000004,-0.08793888166449941,-1004.7200000000003,-0.4877826165057264,,,74.12333333333332
GUTHRIE,2023-12-01,53.25,537.0,31.0,2,2,39.349999999999994,2.8309352517985604,199.64999999999998,0.5918185860382391,,,22.666666666666668
MARSHALL,2023-12-01,48.03999999999999,1312.67,74.0,9,22,-79.23,-0.6225347686021844,-2703.53,-0.6731562173198546,,,96.50333333333333
ALLAMAKEE,2023-12-01,46.87,519.38,31.0,3,6,-43.35,-0.48049213034803817,-483.05000000000007,-0.4818790339475076,,,47.446666666666665
PALO ALTO,2023-12-01,45.349999999999994,1101.94,52.0,6,7,4.850000000000001,0.11975308641975314,514.18,0.8748128487818154,,,29.616666666666664
SHELBY,2023-12-01,43.949999999999996,607.0799999999999,36.0,2,7,-4.100000000000001,-0.08532778355879296,-1395.4600000000003,-0.6968450068413116,,,163.88333333333335
OSCEOLA,2023-12-01,42.75,422.98,26.0,1,2,42.0,56.0,381.62,9.22678916827853,,,15.0
WINNESHIEK,2023-12-01,36.4,588.99,41.0,4,5,28.65,3.696774193548387,259.98,0.790188748062369,,,32.81666666666667
GRUNDY,2023-12-01,36.0,701.64,36.0,1,1,35.15,41.35294117647058,552.24,3.6963855421686747,,,12.483333333333334
SAC,2023-12-01,33.25,336.38,20.0,2,3,-75.75,-0.694954128440367,-776.58,-0.6977609258194365,,,49.13333333333333
WASHINGTON,2023-12-01,32.650000000000006,1048.06,79.0,8,10,28.600000000000005,7.06172839506173,-528.5700000000002,-0.335253039711283,,,38.11666666666667
WEBSTER,2023-12-01,32.60000000000001,1915.7600000000002,118.0,11,16,27.65000000000001,5.585858585858587,1128.52,1.4335145571871346,,,31.55
BENTON,2023-12-01,23.85,1268.61,62.0,7,20,15.850000000000001,1.9812500000000002,908.0699999999999,2.5186387086037607,,,15.473333333333334
DELAWARE,2023-12-01,22.4,639.04,32.0,3,5,-7.450000000000003,-0.24958123953098835,-453.0799999999999,-0.41486283558583303,,,35.75
CHEROKEE,2023-12-01,21.07,416.86,195.0,3,4,-24.230000000000004,-0.5348785871964681,-314.9599999999999,-0.4303790549588696,,,27.44
MONTGOMERY,2023-12-01,19.5,380.0,198.0,3,3,19.45,388.99999999999994,308.0,4.277777777777778,,,7.6499999999999995
WAPELLO,2023-12-01,16.650000000000006,831.69,38.0,8,15,11.530000000000005,2.2519531250000004,419.39000000000004,1.01719621634732,,,33.04
JASPER,2023-12-01,12.0,612.7800000000001,43.0,9,10,-33.69,-0.737360472751149,-603.0300000000001,-0.4959903274360303,,,39.74333333333333
BUENA VISTA,2023-12-01,11.670000000000002,380.09000000000003,30.0,5,9,9.8,5.240641711229947,340.19000000000005,8.526065162907269,,,36.00333333333334
WAYNE,2023-12-01,10.75,297.09,10.0,3,5,8.58,3.953917050691244,193.43999999999997,1.866280752532561,,,4.956666666666667
BOONE,2023-12-01,9.75,1162.2,71.0,9,15,5.73,1.4253731343283584,1014.47,6.867054762065931,,,6.456666666666666
MAHASKA,2023-12-01,9.5,725.29,62.0,5,11,-48.24999999999999,-0.8354978354978355,-213.31999999999994,-0.2272722429976241,,,24.073333333333334
CRAWFORD,2023-12-01,8.940000000000001,870.82,69.0,5,8,5.240000000000001,1.4162162162162164,373.35,0.7504975174382374,,,19.263333333333335
POWESHIEK,2023-12-01,8.469999999999999,234.46999999999997,26.0,6,8,4.919999999999998,1.385915492957746,-94.62,-0.2875201312710809,,,6.38
LYON,2023-12-01,8.0,177.13,10.0,4,5,7.25,9.666666666666666,156.15,7.4428026692087705,,,5.1000000000000005
O'BRIEN,2023-12-01,7.949999999999999,470.46000000000004,22.0,5,8,-100.35,-0.9265927977839334,-617.96,-0.5677587695926205,,,54.139999999999986
PAGE,2023-12-01,7.9,694.9200000000001,60.0,5,10,6.8500000000000005,6.523809523809524,565.6400000000001,4.375309405940595,,,4.156666666666667
HARRISON,2023-12-01,7.02,385.68,19.0,4,8,2.5699999999999994,0.5775280898876403,212.37,1.2253764929894408,,,8.88
MONONA,2023-12-01,6.3,169.63,12.0,2,8,1.0,0.18867924528301888,73.44,0.7634889281630107,,,6.3566666666666665
BUCHANAN,2023-12-01,6.14,739.7,30.0,6,11,0.7699999999999996,0.14338919925512095,446.7300000000001,1.5248318940505858,,,34.67
WRIGHT,2023-12-01,6.07,114.27,15.0,3,4,2.0200000000000005,0.49876543209876556,-41.13000000000001,-0.2646718146718147,,,127.42333333333335
JONES,2023-12-01,5.69,397.46000000000004,18.0,4,10,0.020000000000000462,0.0035273368606702753,200.31000000000003,1.0160284047679433,,,88.80333333333334
MILLS,2023-12-01,5.67,401.72999999999996,24.0,4,9,5.52,36.79999999999999,310.14,3.3861775302980672,,,3.396666666666667
BUTLER,2023-12-01,4.6,156.44,16.0,2,2,3.3799999999999994,2.770491803278688,96.05,1.5904951150852789,,,2.34
HARDIN,2023-12-01,4.3,608.96,72.0,4,6,1.4,0.48275862068965514,142.81,0.3063606135364153,,,4.6499999999999995
APPANOOSE,2023-12-01,4.0,42.0,4.0,1,1,3.3,4.714285714285714,-193.8,-0.821882951653944,,,12.483333333333334
MADISON,2023-12-01,3.2,236.99,20.0,3,4,2.08,1.857142857142857,215.48000000000002,10.01766620176662,,,2.24
FAYETTE,2023-12-01,3.1,161.26,18.0,2,2,-3.449999999999999,-0.5267175572519083,-321.90000000000003,-0.6662389270634986,,,26.7
CLAYTON,2023-12-01,3.0,169.51,4.0,2,3,0.3999999999999999,0.1538461538461538,-204.47000000000003,-0.5467404674046741,,,14.666666666666666
IDA,2023-12-01,3.0,79.48,5.0,3,3,2.95,59.0,73.03,11.322480620155039,,,28.150000000000002
CEDAR,2023-12-01,2.9,420.15,50.0,5,5,1.25,0.7575757575757576,272.55999999999995,1.8467375838471436,,,1.8
UNION,2023-12-01,2.7500000000000004,450.5,34.0,4,7,1.6500000000000004,1.5000000000000002,312.28999999999996,2.259532595325953,,,54.18333333333333
WINNEBAGO,2023-12-01,2.75,336.28000000000003,13.0,4,6,-1.5,-0.35294117647058826,-37.69,-0.10078348530630798,,,3.233333333333333
POCAHONTAS,2023-12-01,2.4,309.6,48.0,1,1,0.8999999999999999,0.6,114.60000000000002,0.5876923076923078,,,1.6900000000000002
TAYLOR,2023-12-01,2.35,199.05,5.0,3,3,2.15,10.749999999999998,64.05000000000001,0.4744444444444445,,,1.0999999999999999
HANCOCK,2023-12-01,2.0,183.3,12.0,2,2,-58.75,-0.9670781893004116,-292.94,-0.61511002855703,,,21.616666666666664
FREMONT,2023-12-01,1.82,138.22,17.0,2,3,-6.379999999999999,-0.7780487804878048,-130.54,-0.4857121595475517,,,3.5233333333333334
EMMET,2023-12-01,1.8,103.53999999999999,8.0,2,2,1.75,35.0,26.139999999999986,0.3377260981912143,,,2.983333333333333
TAMA,2023-12-01,1.5,113.23,2.0,2,2,1.45,28.999999999999996,57.970000000000006,1.0490408975750998,,,0.7999999999999999
LUCAS,2023-12-01,1.35,159.0,13.0,1,2,-0.3999999999999999,-0.2285714285714285,114.03,2.5356904603068715,,,1.9166666666666667
JEFFERSON,2023-12-01,1.2999999999999998,224.74,26.0,2,3,-1.1,-0.45833333333333337,-276.17999999999995,-0.5513455242354068,,,1.9833333333333334
VAN BUREN,2023-12-01,1.2,41.76,6.0,1,1,1.15,22.999999999999996,34.559999999999995,4.799999999999999,,,0.48333333333333334
ADAMS,2023-12-01,0.95,93.47,5.0,2,2,0.19999999999999996,0.2666666666666666,80.96,6.471622701838529,,,0.6166666666666667
HOWARD,2023-12-01,0.85,60.379999999999995,3.0,1,3,0.09999999999999998,0.1333333333333333,51.74999999999999,5.996523754345306,,,0.7999999999999999
HAMILTON,2023-12-01,0.8,122.25,2.0,1,2,-0.9999999999999998,-0.5555555555555555,-384.75,-0.7588757396449705,,,3.6
WORTH,2023-12-01,0.75,39.0,1.0,1,1,0.0,0.0,2.25,0.061224489795918366,,,11.066666666666668
CALHOUN,2023-12-01,0.75,18.75,1.0,1,1,0.6,3.999999999999999,-28.510000000000005,-0.6032585696148963,,,0.31666666666666665
CASS,2023-12-01,0.55,245.20000000000002,11.0,3,6,0.20000000000000007,0.5714285714285716,-175.10000000000005,-0.4166071853438021,,,0.3333333333333333
GREENE,2023-12-01,0.4,62.56,8.0,2,2,-0.7999999999999999,-0.6666666666666666,-103.52000000000001,-0.6233140655105973,,,0.6
KOSSUTH,2023-12-01,0.3,43.56,6.0,1,1,-0.45,-0.6,13.560000000000002,0.45200000000000007,,,1.15
LOUISA,2023-12-01,0.3,43.56,6.0,1,1,0.09999999999999998,0.4999999999999999,-8.96,-0.1706016755521706,,,0.5566666666666668
MONROE,2023-12-01,0.25,59.78,5.0,1,3,-0.15000000000000002,-0.37500000000000006,-45.260000000000005,-0.4308834729626809,,,0.25
CHICKASAW,2023-12-01,0.15,51.75,3.0,1,1,-51.75,-0.9971098265895953,-765.51,-0.9366786579546289,,,26.783333333333335
AUDUBON,2023-12-01,0.05,25.2,1.0,1,1,-5.7,-0.991304347826087,-91.0,-0.7831325301204819,,,2.183333333333333
FRANKLIN,2023-12-01,0.05,13.31,1.0,1,1,0.0,0.0,6.86,1.0635658914728683,,,0.25000000000000006
KEOKUK,2023-12-01,0.05,7.2,1.0,1,1,-4.7,-0.9894736842105264,-32.54,-0.8188223452440865,,,2.9333333333333336
POLK,2024-01-01,2466.9800000000037,51745.78000000001,3913.0,127,161,-855.7799999999984,-0.25755095161853336,-38280.26999999992,-0.4252132577181821,-782.009999999998,-0.240693261598219,4510.436666666673
LINN,2024-01-01,1070.019999999997,21256.120000000017,1486.0,44,88,-1788.6400000000046,-0.625691757676675,-25680.009999999995,-0.5471267017540643,238.44999999999754,0.28674675613598094,1764.7566666666655
JOHNSON,2024-01-01,1007.9100000000001,19717.130000000012,903.0,32,46,-2907.13,-0.7425543544893539,-14432.829999999994,-0.4226309489088711,743.6300000000001,2.8137959739670046,1796.4133333333332
WOODBURY,2024-01-01,779.7599999999998,14954.629999999996,994.0,20,38,325.11999999999955,0.7151152560267451,6580.719999999999,0.7858598910186523,647.6699999999998,4.903247785600726,558.2466666666668
DALLAS,2024-01-01,616.5699999999998,8982.129999999997,501.0,15,23,-317.1500000000002,-0.3396628539605023,-7182.630000000001,-0.4443387962456604,504.04999999999984,4.479648062566653,1248.8333333333333
STORY,2024-01-01,559.8699999999998,5474.659999999998,405.0,18,22,397.8299999999997,2.455134534682791,1656.4999999999977,0.43384771722505017,34.15999999999997,0.06497879058796671,739.233333333333
POTTAWATTAMIE,2024-01-01,470.5200000000004,10380.269999999991,545.0,27,41,355.56000000000034,3.092901878914407,6067.3599999999915,1.4067903109501454,135.15000000000032,0.40298774487879147,285.3366666666669
BLACK HAWK,2024-01-01,443.8900000000001,16206.499999999998,630.0,31,61,97.87999999999982,0.28288199763012556,6490.5700000000015,0.6680338372137308,64.20999999999987,0.1691160977665398,859.193333333333
SCOTT,2024-01-01,398.7900000000002,7789.599999999999,727.0,29,52,-102.28000000000014,-0.2041231764024988,-4304.799999999991,-0.35593332451382415,-366.6599999999994,-0.4790123456790118,485.93666666666667
CERRO GORDO,2024-01-01,309.2200000000001,5143.11,264.0,12,23,151.45,0.959941687266273,881.6199999999999,0.2068806919645476,300.0000000000001,32.53796095444687,341.6133333333334
DUBUQUE,2024-01-01,232.52000000000004,4086.5899999999997,365.0,13,18,-347.62000000000006,-0.5992001930568484,-628.4100000000003,-0.13327889713679753,-114.32,-0.32960442855495325,397.7033333333334
CLINTON,2024-01-01,229.89000000000007,3482.1499999999996,533.0,13,19,-118.41,-0.33996554694229103,-2752.029999999999,-0.4414421784420725,-265.43000000000006,-0.5358757974642655,288.38666666666677
WEBSTER,2024-01-01,222.10000000000002,5508.289999999999,247.0,11,12,189.5,5.812883435582821,3592.529999999999,1.8752505533052148,115.10000000000005,1.07570093457944,86.55000000000001
MARSHALL,2024-01-01,194.4,2997.5699999999997,131.0,8,12,146.36,3.0466278101582023,1684.8999999999996,1.283567080835244,112.75000000000004,1.3808940600122486,123.23666666666668
O'BRIEN,2024-01-01,100.34999999999998,1503.5000000000002,128.0,7,17,92.39999999999998,11.62264150943396,1033.0400000000002,2.1958083577774947,92.34999999999998,11.543749999999998,72.19999999999999
WARREN,2024-01-01,74.29999999999998,1725.13,247.0,9,11,-8.790000000000006,-0.10578890359850773,36.669999999999845,0.021718015232815607,-3.3999999999999915,-0.043758043758043666,55.563333333333325
FLOYD,2024-01-01,68.1,844.16,54.0,5,7,-7.6200000000000045,-0.10063391442155316,56.129999999999995,0.071228252731495,,,48.20666666666667
GRUNDY,2024-01-01,63.1,606.9,38.0,2,2,27.1,0.7527777777777778,-94.74000000000001,-0.13502650932101934,,,33.31666666666667
LEE,2024-01-01,62.88999999999999,1065.24,91.0,9,20,6.780000000000001,0.12083407592229553,10.189999999999827,0.009658310032699707,52.11999999999999,4.83936861652739,60.173333333333325
MONTGOMERY,2024-01-01,54.5,720.4899999999999,56.0,3,5,35.0,1.794871794871795,340.4899999999999,0.8960263157894734,53.3,44.416666666666664,24.683333333333334
MAHASKA,2024-01-01,47.15,1115.9,69.0,4,15,37.65,3.9631578947368418,390.6100000000001,0.538556990996705,44.949999999999996,20.43181818181818,38.13333333333333
KOSSUTH,2024-01-01,45.099999999999994,587.5999999999999,30.0,4,6,44.8,149.33333333333334,544.04,12.489439853076215,44.99999999999999,449.9999999999999,15.383333333333331
JEFFERSON,2024-01-01,45.050000000000004,1618.1299999999999,43.0,2,5,43.75000000000001,33.65384615384616,1393.3899999999999,6.200008899172376,,,16.250000000000004
MUSCATINE,2024-01-01,42.24999999999999,1320.64,114.0,9,16,-114.89000000000001,-0.7311314751177295,-1629.76,-0.5523861171366594,26.439999999999994,1.6723592662871598,123.05333333333334
DICKINSON,2024-01-01,41.59999999999999,933.5699999999999,51.0,7,12,-132.3,-0.7607820586543991,-7847.18,-0.8936799248355779,29.249999999999986,2.368421052631578,89.25
DES MOINES,2024-01-01,40.89999999999999,1182.3799999999999,114.0,9,10,-57.849999999999994,-0.5858227848101266,-1747.8400000000004,-0.5964876357406612,12.659999999999979,0.44830028328611804,60.283333333333324
BUCHANAN,2024-01-01,36.19,567.5699999999999,31.0,5,11,30.049999999999997,4.894136807817589,-172.1300000000001,-0.23270244693794795,-495.9499999999999,-0.9319915811628519,15.899999999999999
CHICKASAW,2024-01-01,36.0,264.6,36.0,1,1,35.85,239.00000000000003,212.85000000000002,4.11304347826087,,,29.349999999999998
BOONE,2024-01-01,35.92,752.4899999999999,31.0,6,8,26.17,2.6841025641025644,-409.71000000000015,-0.35252968508002075,32.42,9.262857142857143,16.563333333333333
HENRY,2024-01-01,34.699999999999996,789.52,56.0,5,7,-37.069999999999986,-0.5165110770516929,-1212.9600000000003,-0.6057288961687508,-8.25,-0.19208381839348082,38.98999999999999
OSCEOLA,2024-01-01,32.25,326.99,19.0,1,2,-10.5,-0.24561403508771928,-95.99000000000001,-0.2269374438507731,,,25.25
SAC,2024-01-01,31.75,393.0,23.0,2,2,-1.5,-0.045112781954887216,56.620000000000005,0.16832154111421607,,,58.0
SIOUX,2024-01-01,29.599999999999998,706.98,191.0,6,12,-133.20000000000002,-0.8181818181818182,-1835.19,-0.7218990075408017,-15.150000000000002,-0.3385474860335196,68.63333333333334
CASS,2024-01-01,21.22,1368.65,128.0,5,19,20.669999999999998,37.58181818181818,1123.45,4.581769983686786,18.97,8.431111111111111,7.373333333333332
WASHINGTON,2024-01-01,17.600000000000005,1209.39,86.0,5,8,-15.05,-0.46094946401225106,161.33000000000015,0.15393202679235937,,,18.100000000000005
JASPER,2024-01-01,14.399999999999999,859.6700000000001,65.0,9,11,2.3999999999999986,0.19999999999999987,246.89,0.40290153072880963,-39.12,-0.7309417040358744,24.03
FAYETTE,2024-01-01,13.95,742.88,31.0,5,11,10.85,3.5,581.62,3.6067220637479847,-287.2200000000001,-0.9536806454826179,7.866666666666666
APPANOOSE,2024-01-01,13.5,351.0,18.0,1,1,9.5,2.375,309.0,7.357142857142857,,,6.066666666666666
BENTON,2024-01-01,12.8,467.5199999999999,19.0,6,10,-11.05,-0.46331236897274636,-801.0899999999999,-0.6314706647433017,-26.099999999999998,-0.6709511568123393,14.883333333333335
CARROLL,2024-01-01,12.09,459.68,18.0,5,15,-136.35999999999999,-0.9185584371842371,-1472.1499999999999,-0.7620494556974474,6.49,1.1589285714285715,84.59666666666666
MONONA,2024-01-01,11.45,578.69,41.0,3,12,5.1499999999999995,0.8174603174603174,409.06000000000006,2.4114838177209226,-30.599999999999998,-0.727705112960761,7.683333333333333
BREMER,2024-01-01,10.969999999999999,570.65,49.0,4,7,-50.24999999999999,-0.8208101927474681,-1140.63,-0.666536160067318,7.369999999999999,2.047222222222222,62.74666666666666
CLARKE,2024-01-01,9.6,230.27,18.0,3,4,-57.9,-0.8577777777777778,-2132.23,-0.902531216931217,,,47.199999999999996
BUENA VISTA,2024-01-01,9.45,255.24000000000004,23.0,2,5,-2.2200000000000024,-0.1902313624678665,-124.85,-0.3284748349075219,1.6999999999999993,0.21935483870967734,7.663333333333334
HANCOCK,2024-01-01,8.600000000000001,279.22,18.0,3,3,6.600000000000001,3.3000000000000007,95.92000000000002,0.5232951445717404,,,23.78333333333333
IOWA,2024-01-01,8.54,331.37,14.0,6,7,-88.80000000000001,-0.9122662831312924,-1086.3000000000002,-0.766257309529016,6.239999999999999,2.7130434782608694,107.54333333333334
ADAIR,2024-01-01,8.25,168.0,11.0,1,2,6.0,2.6666666666666665,90.8,1.1761658031088082,,,4.39
WRIGHT,2024-01-01,8.07,312.8,32.0,4,6,2.0,0.32948929159802304,198.53000000000003,1.7373763892535228,,,6.0633333333333335
MADISON,2024-01-01,7.75,253.49,5.0,2,2,4.55,1.4218749999999998,16.5,0.06962319085193468,5.48,2.4140969162995596,4.023333333333333
AUDUBON,2024-01-01,7.15,62.7,7.0,1,2,7.1000000000000005,142.0,37.5,1.4880952380952381,,,4.316666666666666
WAPELLO,2024-01-01,7.01,757.11,34.0,3,11,-9.640000000000006,-0.5789789789789791,-74.58000000000004,-0.08967283483028536,-48.68999999999999,-0.8741472172351885,9.593333333333335
SHELBY,2024-01-01,5.95,276.26,30.0,2,3,-37.99999999999999,-0.8646188850967007,-330.81999999999994,-0.5449364169466956,,,32.65
LYON,2024-01-01,5.8999999999999995,235.76,23.0,4,4,-2.1000000000000005,-0.26250000000000007,58.629999999999995,0.3309998306328685,-29.6,-0.8338028169014085,4.883333333333333
CLAY,2024-01-01,5.75,281.24,6.0,1,2,-85.29999999999998,-0.9368478857770456,-1457.8000000000002,-0.8382785904867053,-2.9999999999999982,-0.34285714285714275,64.37333333333332
GUTHRIE,2024-01-01,5.7,474.76,29.0,3,5,-47.55,-0.8929577464788732,-62.24000000000001,-0.11590316573556798,,,24.283333333333335
PAGE,2024-01-01,4.949999999999999,597.4300000000001,63.0,5,8,-2.950000000000001,-0.37341772151898744,-97.49000000000001,-0.14028952973004086,,,4.633333333333334
POWESHIEK,2024-01-01,4.75,407.33000000000004,11.0,5,7,-3.719999999999999,-0.43919716646989365,172.86000000000007,0.7372371731991303,-7.57,-0.614448051948052,5.59
WINNESHIEK,2024-01-01,4.05,476.39,54.0,4,6,-32.35,-0.8887362637362638,-112.60000000000002,-0.19117472283060838,3.05,3.05,16.066666666666666
IDA,2024-01-01,3.37,100.92,9.0,1,3,0.3700000000000001,0.12333333333333336,21.439999999999998,0.26975339708102664,,,2.14
PLYMOUTH,2024-01-01,3.35,469.69,25.0,5,7,-58.9,-0.9461847389558232,-468.2899999999999,-0.4992537154310326,-12.320000000000002,-0.7862156987874921,25.23333333333333
GREENE,2024-01-01,2.8200000000000003,229.7,10.0,2,4,2.4200000000000004,6.050000000000001,167.14,2.6716751918158566,,,1.4733333333333334
CRAWFORD,2024-01-01,2.55,377.21,37.0,1,2,-6.3900000000000015,-0.714765100671141,-493.61000000000007,-0.5668335591741118,,,5.0633333333333335
CLAYTON,2024-01-01,2.55,139.64,4.0,3,3,-0.4500000000000002,-0.15000000000000005,-29.870000000000005,-0.1762137926965961,2.05,4.1,2.7166666666666663
JONES,2024-01-01,2.3200000000000003,180.0,27.0,2,2,-3.37,-0.5922671353251318,-217.46000000000004,-0.5471242389171238,-4.15,-0.6414219474497681,4.56
CEDAR,2024-01-01,2.27,74.43,7.0,1,3,-0.6299999999999999,-0.2172413793103448,-345.71999999999997,-0.8228489825062477,-4.0,-0.6379585326953747,2.2733333333333334
JACKSON,2024-01-01,2.25,294.81,18.0,3,5,-75.95,-0.9712276214833759,-570.04,-0.6591200786263514,-0.5700000000000003,-0.20212765957446815,39.483333333333334
HARRISON,2024-01-01,2.15,273.75,15.0,2,4,-4.869999999999999,-0.6937321937321936,-111.93,-0.29021468574984444,-1.9,-0.4691358024691358,4.54
HARDIN,2024-01-01,2.1,73.83,10.0,3,3,-2.1999999999999997,-0.5116279069767441,-535.13,-0.8787605097214923,-62.9,-0.9676923076923076,3.0999999999999996
MARION,2024-01-01,1.9,136.09,5.0,5,5,-322.50000000000006,-0.9941430332922319,-5477.79,-0.9757582990730118,-10.97,-0.8523698523698523,296.1
EMMET,2024-01-01,1.9,180.04000000000002,10.0,2,2,0.09999999999999987,0.05555555555555548,76.50000000000003,0.7388448908634347,,,1.25
CHEROKEE,2024-01-01,1.87,57.0,4.0,2,2,-19.2,-0.9112482202183199,-359.86,-0.8632634457611669,0.9200000000000002,0.9684210526315792,22.74666666666667
HAMILTON,2024-01-01,1.87,103.44,9.0,3,4,1.07,1.3375,-18.810000000000002,-0.15386503067484664,0.9199999999999999,0.9684210526315787,1.49
WINNEBAGO,2024-01-01,1.55,133.2,3.0,3,3,-1.2,-0.43636363636363634,-203.08000000000004,-0.6039015106458904,,,2.85
WAYNE,2024-01-01,1.5,37.5,2.0,1,1,-9.25,-0.8604651162790697,-259.59,-0.8737756235484196,0.30000000000000004,0.25000000000000006,4.806666666666667
PALO ALTO,2024-01-01,1.5,56.02,2.0,1,1,-43.849999999999994,-0.9669239250275634,-1045.92,-0.9491623863368241,-3.92,-0.7232472324723247,29.116666666666664
FREMONT,2024-01-01,1.3,177.22000000000003,26.0,1,2,-0.52,-0.2857142857142857,39.00000000000003,0.282158877152366,,,3.7733333333333334
TAMA,2024-01-01,0.95,122.4,5.0,3,3,-0.55,-0.3666666666666667,9.170000000000002,0.08098560452176987,,,0.8333333333333334
WORTH,2024-01-01,0.75,135.0,15.0,2,2,0.0,0.0,96.0,2.4615384615384617,,,0.75
HUMBOLDT,2024-01-01,0.75,45.0,2.0,1,1,-180.25000000000003,-0.9958563535911602,-5441.339999999999,-0.9917978105622327,-1.2,-0.6153846153846154,61.20000000000001
DELAWARE,2024-01-01,0.75,29.25,1.0,1,1,-21.65,-0.9665178571428571,-609.79,-0.954228217325989,-6.2,-0.8920863309352518,17.666666666666668
ALLAMAKEE,2024-01-01,0.75,29.99,1.0,1,1,-46.12,-0.9839982931512695,-489.39,-0.9422580769378874,-0.75,-0.5,45.946666666666665
UNION,2024-01-01,0.75,122.19,15.0,2,2,-2.0000000000000004,-0.7272727272727273,-328.31,-0.7287680355160933,-3.3499999999999996,-0.8170731707317073,1.5333333333333334
ADAMS,2024-01-01,0.6,77.4,12.0,1,1,-0.35,-0.3684210526315789,-16.069999999999993,-0.17192682144003416,,,0.7666666666666666
LUCAS,2024-01-01,0.6,11.88,3.0,1,1,-0.7500000000000001,-0.5555555555555556,-147.12,-0.9252830188679245,,,1.2333333333333334
MITCHELL,2024-01-01,0.4,105.04,8.0,1,1,-2.0,-0.8333333333333334,-204.56,-0.6607235142118862,,,71.33333333333333
MILLS,2024-01-01,0.2,58.0,4.0,1,2,-5.47,-0.9647266313932981,-343.72999999999996,-0.8556244243646229,-21.070000000000004,-0.9905970850963799,2.006666666666667
MONROE,2024-01-01,0.15,39.39,3.0,1,1,-0.1,-0.4,-20.39,-0.3410839745734359,,,0.26666666666666666
POCAHONTAS,2024-01-01,0.1,21.0,2.0,1,1,-2.3,-0.9583333333333333,-288.6,-0.9321705426356589,,,1.3333333333333333
POLK,2024-02-01,5169.310000000011,101312.53999999986,7116.0,132,186,2702.3300000000077,1.0954000437782243,49566.75999999985,0.9578898994275443,1780.500000000011,0.5254056733779736,3653.0166666666723
BLACK HAWK,2024-02-01,3316.1700000000014,37355.400000000016,3282.0,32,78,2872.2800000000016,6.470702200995745,21148.900000000016,1.3049640576311985,1815.9300000000019,1.2104263317869157,1368.6900000000005
DUBUQUE,2024-02-01,1857.2199999999998,19305.700000000008,1290.0,15,21,1624.6999999999998,6.987355926371923,15219.110000000008,3.724158772962301,1424.9999999999998,3.296932117902919,889.96
LINN,2024-02-01,1058.9499999999991,15386.91999999999,1288.0,48,88,-11.06999999999789,-0.010345601016801481,-5869.200000000028,-0.27611812503881344,-64.54999999999882,-0.05745438362260697,1662.5433333333324
STORY,2024-02-01,888.5999999999996,12920.150000000001,926.0,26,44,328.7299999999998,0.5871541607873255,7445.490000000003,1.3599913053961352,808.2099999999996,10.053613633536509,536.8366666666665
WOODBURY,2024-02-01,697.9699999999997,12812.22,750.0,20,34,-81.79000000000008,-0.10489124858930966,-2142.409999999996,-0.14326064904313893,576.2999999999997,4.736582559381933,644.1233333333333
SCOTT,2024-02-01,541.9599999999995,14951.319999999992,928.0,40,62,143.16999999999928,0.35901100830010585,7161.719999999993,0.9193950908904172,-297.2400000000001,-0.3541944709246905,480.60666666666674
POTTAWATTAMIE,2024-02-01,428.3600000000003,11808.579999999996,1039.0,27,40,-42.16000000000008,-0.08960299243390302,1428.310000000005,0.13759854030771898,145.2899999999999,0.5132652700745388,337.94666666666694
DALLAS,2024-02-01,422.2700000000001,11510.710000000001,593.0,11,19,-194.29999999999973,-0.3151304799130671,2528.5800000000036,0.28151229162793284,179.70000000000005,0.7408170837284084,657.52
WARREN,2024-02-01,415.1200000000002,7305.04,357.0,11,14,340.82000000000016,4.587079407806194,5579.91,3.2344866763664184,92.7700000000001,0.28779277183186003,190.83666666666673
HENRY,2024-02-01,346.12,5656.08,223.0,3,6,311.42,8.974639769452452,4866.5599999999995,6.1639477150673825,343.42,127.19259259259259,150.86333333333332
JOHNSON,2024-02-01,328.61000000000024,4600.870000000002,433.0,25,36,-679.2999999999998,-0.6739689059539044,-15116.26000000001,-0.7666562019928864,-41.629999999999825,-0.11244057908383702,1750.5200000000002
PLYMOUTH,2024-02-01,325.19999999999993,5809.490000000001,240.0,4,9,321.8499999999999,96.07462686567162,5339.800000000001,11.368775149566737,128.27999999999994,0.6514320536258377,130.26666666666665
CLINTON,2024-02-01,292.81999999999994,7628.37,434.0,15,22,62.929999999999865,0.27373961459828544,4146.22,1.19070689085766,-270.3299999999999,-0.48003196306490276,290.3366666666667
WAPELLO,2024-02-01,274.57000000000005,3023.8500000000004,325.0,9,10,267.56000000000006,38.16833095577747,2266.7400000000002,2.993937472758252,208.65000000000003,3.165200242718447,99.41000000000003
MAHASKA,2024-02-01,206.92000000000002,8275.35,276.0,5,6,159.77,3.388547189819725,7159.450000000001,6.415852674970876,204.47000000000003,83.45714285714286,87.85666666666667
DICKINSON,2024-02-01,178.8,2079.08,134.0,5,8,137.20000000000002,3.2980769230769247,1145.51,1.2270210053879196,161.43,9.293609671848014,131.43333333333334
MUSCATINE,2024-02-01,155.97000000000006,2151.53,176.0,10,17,113.72000000000006,2.6915976331360962,830.8900000000001,0.6291570753574025,-97.64999999999998,-0.38502484031227807,118.45333333333336
CERRO GORDO,2024-02-01,143.97000000000003,3060.7799999999997,242.0,7,22,-165.25000000000006,-0.5344091585279089,-2082.33,-0.4048775935183187,-127.18,-0.46903927715286736,203.65333333333342
WEBSTER,2024-02-01,141.35000000000002,4495.79,211.0,11,11,-80.75,-0.36357496623142727,-1012.4999999999991,-0.18381385148566964,134.96000000000004,21.120500782472618,132.01666666666668
MARSHALL,2024-02-01,116.82,1696.29,104.0,11,19,-77.58000000000001,-0.39907407407407414,-1301.2799999999997,-0.43411163042064066,26.069999999999993,0.2872727272727272,119.75333333333333
MITCHELL,2024-02-01,105.0,990.0,60.0,1,1,104.6,261.49999999999994,884.96,8.424980959634425,,,35.93333333333333
DELAWARE,2024-02-01,92.25,1767.27,123.0,2,3,91.5,122.0,1738.02,59.41948717948718,82.4,8.365482233502538,38.46666666666667
JONES,2024-02-01,84.75,506.99,49.0,3,3,82.43,35.5301724137931,326.99,1.8166111111111112,82.3,33.59183673469387,30.92
LEE,2024-02-01,64.53,3110.8799999999997,108.0,5,22,1.6400000000000077,0.026077277786611668,2045.6399999999996,1.9203559761180575,56.53,7.06625,61.176666666666655
JEFFERSON,2024-02-01,59.9,1909.2,214.0,3,3,14.849999999999994,0.3296337402885681,291.07000000000016,0.17988047931871987,-150.7,-0.7155745489078822,35.416666666666664
GREENE,2024-02-01,48.949999999999996,2100.6800000000003,82.0,4,5,46.129999999999995,16.358156028368793,1870.9800000000002,8.145319982585983,,,17.389999999999997
MARION,2024-02-01,43.849999999999994,1489.8199999999997,111.0,7,13,41.949999999999996,22.07894736842105,1353.7299999999998,9.94731427731648,-276.29999999999995,-0.8630329533031391,123.38333333333333
WINNESHIEK,2024-02-01,43.55,384.08,28.0,3,4,39.5,9.753086419753087,-92.31,-0.1937698104494217,41.3,18.355555555555554,28.0
CLAY,2024-02-01,42.49999999999999,1047.1399999999999,76.0,2,13,36.74999999999999,6.391304347826086,765.8999999999999,2.7232968283316734,-52.65,-0.5533368365738308,46.43333333333333
FLOYD,2024-02-01,38.75000000000001,614.3100000000001,59.0,3,5,-29.349999999999987,-0.4309838472834066,-229.8499999999999,-0.2722825056861258,37.75000000000001,37.75000000000001,60.85666666666666
CHICKASAW,2024-02-01,35.0,265.5,22.0,2,5,-1.0,-0.027777777777777776,0.8999999999999773,0.0034013605442176006,,,23.71666666666667
BENTON,2024-02-01,33.77,819.13,297.0,6,10,20.970000000000002,1.6382812500000001,351.61000000000007,0.7520747775496238,-74.97999999999999,-0.6894712643678161,23.47333333333334
POWESHIEK,2024-02-01,32.7,419.15999999999997,42.0,2,2,27.950000000000003,5.8842105263157904,11.829999999999927,0.02904279085753548,29.300000000000004,8.61764705882353,15.306666666666667
WASHINGTON,2024-02-01,25.349999999999998,1027.3600000000001,61.0,6,8,7.749999999999993,0.44034090909090856,-182.02999999999997,-0.15051389543488863,-10.750000000000004,-0.29778393351800564,25.200000000000003
BUCHANAN,2024-02-01,21.65,732.0900000000001,54.0,6,30,-14.54,-0.40176844432163583,164.5200000000002,0.2898673291400184,13.93,1.8044041450777202,21.326666666666664
KOSSUTH,2024-02-01,17.8,550.45,24.0,4,7,-27.299999999999994,-0.6053215077605321,-37.149999999999864,-0.0632232811436349,-14.7,-0.4523076923076923,21.066666666666663
BREMER,2024-02-01,13.169999999999998,799.4599999999999,92.0,5,13,2.1999999999999993,0.2005469462169553,228.80999999999995,0.40096381319547875,7.419999999999998,1.2904347826086953,28.453333333333333
JASPER,2024-02-01,11.39,464.87,27.0,7,9,-3.009999999999998,-0.20902777777777767,-394.80000000000007,-0.4592459897402492,-43.68,-0.7931723261303795,12.596666666666666
BOONE,2024-02-01,10.17,978.72,97.0,10,10,-25.75,-0.716870824053452,226.23000000000013,0.300641868994937,8.72,6.013793103448276,18.613333333333333
CARROLL,2024-02-01,9.95,612.46,34.0,6,10,-2.1400000000000006,-0.17700578990901578,152.78000000000003,0.3323616428820049,-29.719999999999995,-0.7491807411141921,56.82999999999999
CEDAR,2024-02-01,9.1,264.98,8.0,4,5,6.83,3.0088105726872247,190.55,2.56012360607282,7.35,4.2,4.756666666666667
BUENA VISTA,2024-02-01,7.1,358.07,11.0,3,5,-2.3499999999999996,-0.24867724867724866,102.82999999999996,0.4028757248080236,-1043.65,-0.9932429217225792,9.406666666666666
FREMONT,2024-02-01,7.05,132.5,5.0,2,2,5.75,4.423076923076923,-44.72000000000003,-0.25234172215325595,,,3.39
GUTHRIE,2024-02-01,6.470000000000001,444.47,39.0,5,7,0.7700000000000005,0.1350877192982457,-30.289999999999964,-0.06380065717415108,4.970000000000001,3.313333333333334,21.80666666666667
SHELBY,2024-02-01,6.25,295.90000000000003,30.0,3,3,0.2999999999999998,0.05042016806722686,19.640000000000043,0.07109244914211266,,,18.716666666666665
PALO ALTO,2024-02-01,5.8999999999999995,494.73,68.0,4,5,4.3999999999999995,2.933333333333333,438.71000000000004,7.831310246340593,-5.8500000000000005,-0.49787234042553197,17.583333333333332
CASS,2024-02-01,5.169999999999999,545.8999999999999,58.0,4,6,-16.05,-0.7563619227144205,-822.7500000000002,-0.6011398093011363,-133.18000000000004,-0.9626310083122517,8.979999999999999
UNION,2024-02-01,4.999999999999999,356.4,24.0,3,4,4.249999999999999,5.666666666666665,234.20999999999998,1.9167689663638594,3.799999999999999,3.166666666666665,2.8333333333333335
DES MOINES,2024-02-01,4.85,649.5600000000001,41.0,8,11,-36.04999999999999,-0.8814180929095354,-532.8199999999998,-0.4506334680897849,-1.2200000000000006,-0.20098846787479416,48.16666666666666
MONONA,2024-02-01,4.8,100.08999999999999,6.0,2,3,-6.6499999999999995,-0.5807860262008734,-478.6000000000001,-0.8270403843163007,3.6999999999999997,3.3636363636363633,7.516666666666667
BUTLER,2024-02-01,4.6,119.4,16.0,2,2,0.0,0.0,-37.03999999999999,-0.23676809000255683,,,3.473333333333333
POCAHONTAS,2024-02-01,4.55,187.08,15.0,1,3,4.45,44.5,166.08,7.908571428571429,,,2.35
WRIGHT,2024-02-01,3.9499999999999997,532.14,60.0,3,5,-4.120000000000001,-0.5105328376703843,219.33999999999997,0.7012148337595907,3.4499999999999997,6.8999999999999995,6.03
O'BRIEN,2024-02-01,3.52,256.0,17.0,5,7,-96.82999999999998,-0.9649227703039363,-1247.5000000000002,-0.829730628533422,-34.43,-0.9072463768115941,37.273333333333326
HUMBOLDT,2024-02-01,3.4,216.78,24.0,3,4,2.65,3.533333333333333,171.78,3.8173333333333335,3.25,21.666666666666668,61.716666666666676
DECATUR,2024-02-01,2.95,326.99,40.0,2,4,2.25,3.2142857142857144,46.19,0.16449430199430198,,,1.4666666666666668
CLAYTON,2024-02-01,2.75,104.24,8.0,3,4,0.20000000000000018,0.07843137254901968,-35.39999999999999,-0.2535090232025207,-0.2999999999999998,-0.09836065573770486,2.766666666666667
MONROE,2024-02-01,2.75,311.71999999999997,41.0,1,3,2.6,17.333333333333336,272.33,6.913683676059913,,,1.05
HARRISON,2024-02-01,2.4,245.78000000000003,6.0,4,5,0.25,0.11627906976744186,-27.96999999999997,-0.10217351598173505,-14.450000000000001,-0.857566765578635,3.856666666666667
PAGE,2024-02-01,2.35,176.35000000000002,5.0,2,4,-2.599999999999999,-0.5252525252525252,-421.08000000000004,-0.7048189746079039,-0.3500000000000001,-0.12962962962962965,5.066666666666666
ALLAMAKEE,2024-02-01,2.3,158.47000000000003,4.0,3,4,1.5499999999999998,2.0666666666666664,128.48000000000002,4.284094698232745,-0.4200000000000004,-0.15441176470588247,16.639999999999997
CRAWFORD,2024-02-01,2.05,511.35,27.0,2,4,-0.5,-0.19607843137254904,134.14000000000004,0.3556109329020971,0.9999999999999998,0.9523809523809521,4.5133333333333345
GRUNDY,2024-02-01,1.7999999999999998,410.4,36.0,2,3,-61.300000000000004,-0.971473851030111,-196.5,-0.32377656945130995,1.7499999999999998,34.99999999999999,33.63333333333333
ADAMS,2024-02-01,1.75,24.740000000000002,2.0,1,2,1.15,1.9166666666666665,-52.660000000000004,-0.6803617571059432,,,1.0999999999999999
MADISON,2024-02-01,1.7200000000000002,97.65,15.0,2,2,-6.029999999999999,-0.7780645161290322,-155.84,-0.6147777032624561,-4.6,-0.7278481012658227,4.223333333333334
LYON,2024-02-01,1.7,315.68,20.0,3,4,-4.199999999999999,-0.711864406779661,79.92000000000002,0.33898880217170013,-4.899999999999999,-0.7424242424242423,5.199999999999999
IOWA,2024-02-01,1.65,237.65,6.0,3,4,-6.889999999999999,-0.806791569086651,-93.72,-0.28282584422247037,-147.45,-0.9889336016096579,35.843333333333334
HAMILTON,2024-02-01,1.6,154.5,10.0,3,3,-0.27,-0.1443850267379679,51.06,0.4936194895591648,0.42999999999999994,0.36752136752136744,1.4233333333333331
CALHOUN,2024-02-01,1.5,92.25,2.0,1,2,0.75,1.0,73.5,3.92,,,0.7999999999999999
KEOKUK,2024-02-01,1.5,42.0,2.0,1,1,1.45,28.999999999999996,34.8,4.833333333333333,-1.7999999999999998,-0.5454545454545454,2.1
SIOUX,2024-02-01,1.35,302.87,27.0,6,6,-28.249999999999996,-0.9543918918918919,-404.11,-0.5716003281563835,-59.449999999999996,-0.9777960526315789,64.58333333333333
TAMA,2024-02-01,1.2,32.7,6.0,1,1,0.25,0.2631578947368421,-89.7,-0.7328431372549019,1.15,22.999999999999996,1.2166666666666668
MONTGOMERY,2024-02-01,1.05,199.65,7.0,3,3,-53.45,-0.9807339449541285,-520.8399999999999,-0.7228969173756749,0.45000000000000007,0.7500000000000001,25.016666666666666
FAYETTE,2024-02-01,0.9,188.81,4.0,4,4,-13.049999999999999,-0.9354838709677419,-554.0699999999999,-0.7458405125996123,-37.79999999999999,-0.9767441860465117,5.983333333333333
HARDIN,2024-02-01,0.9,131.85000000000002,4.0,3,3,-1.2000000000000002,-0.5714285714285715,58.020000000000024,0.7858594067452259,-2.45,-0.7313432835820896,2.4333333333333336
HOWARD,2024-02-01,0.8,72.0,8.0,1,1,-0.04999999999999993,-0.05882352941176463,11.620000000000005,0.19244783040741978,-8.25,-0.9116022099447513,0.8000000000000002
CHEROKEE,2024-02-01,0.75,43.5,1.0,1,1,-1.12,-0.5989304812834225,-13.5,-0.23684210526315788,0.0,0.0,7.896666666666667
MILLS,2024-02-01,0.55,91.81,11.0,3,4,0.35000000000000003,1.75,33.81,0.5829310344827586,-7.25,-0.9294871794871795,2.14
CLARKE,2024-02-01,0.44999999999999996,265.83,9.0,2,2,-9.15,-0.9531250000000001,35.559999999999974,0.1544274112997784,-26.3,-0.983177570093458,25.849999999999998
SAC,2024-02-01,0.35000000000000003,169.3,7.0,3,4,-31.4,-0.9889763779527558,-223.7,-0.5692111959287531,-5.95,-0.9444444444444445,21.78333333333333
HANCOCK,2024-02-01,0.3,53.1,6.0,1,1,-8.3,-0.9651162790697674,-226.12000000000003,-0.8098273762624454,,,3.633333333333334
WORTH,2024-02-01,0.25,119.4,5.0,2,2,-0.5,-0.6666666666666666,-15.599999999999994,-0.11555555555555551,,,0.5833333333333334
FRANKLIN,2024-02-01,0.2,37.61,4.0,3,3,0.15000000000000002,3.0000000000000004,24.299999999999997,1.8256949661908337,,,0.10000000000000002
WINNEBAGO,2024-02-01,0.2,30.96,4.0,1,1,-1.35,-0.8709677419354839,-102.23999999999998,-0.7675675675675675,-28.000000000000004,-0.9929078014184397,1.5
LUCAS,2024-02-01,0.15000000000000002,232.20000000000002,3.0,2,2,-0.44999999999999996,-0.75,220.32000000000002,18.545454545454547,-2.95,-0.9516129032258065,0.7000000000000001
EMMET,2024-02-01,0.15,21.78,3.0,1,1,-1.75,-0.9210526315789475,-158.26000000000002,-0.8790268829149078,,,1.2833333333333334
WAYNE,2024-02-01,0.1,26.62,2.0,1,1,-1.4,-0.9333333333333332,-10.879999999999999,-0.2901333333333333,-0.65,-0.8666666666666667,4.116666666666666
APPANOOSE,2024-02-01,0.05,77.4,1.0,1,1,-13.45,-0.9962962962962962,-273.6,-0.7794871794871796,,,5.8500000000000005
JACKSON,2024-02-01,0.05,77.4,1.0,1,1,-2.2,-0.9777777777777779,-217.41,-0.7374580238119467,-0.7999999999999999,-0.9411764705882353,26.833333333333332
IDA,2024-02-01,0.05,6.71,1.0,1,1,-3.3200000000000003,-0.9851632047477745,-94.21000000000001,-0.9335116924296473,,,2.14
POLK,2024-03-01,5860.660000000012,119191.63999999987,6646.0,128,183,691.3500000000004,0.13374125366828432,17879.100000000006,0.17647469898593038,-6990.769999999985,-0.543968258785208,4498.983333333342
LINN,2024-03-01,1432.759999999998,26033.710000000025,1402.0,43,77,373.8099999999988,0.3530006138155712,10646.790000000035,0.6919376977328824,-257.27,-0.15222806695739147,1187.2433333333313
WOODBURY,2024-03-01,1168.0199999999998,19402.660000000003,948.0,17,29,470.05000000000007,0.673453013739846,6590.440000000004,0.5143870461169107,156.82999999999993,0.15509449262749825,881.9166666666664
DUBUQUE,2024-03-01,1017.4699999999999,17247.52,781.0,18,29,-839.7499999999999,-0.45215429512927924,-2058.1800000000076,-0.10660996493263682,311.4,0.44103275879162124,1035.7366666666665
SCOTT,2024-03-01,908.2399999999998,15472.21,1059.0,35,52,366.2800000000003,0.6758432356631499,520.8900000000067,0.03483906437692504,349.48000000000025,0.6254563676712731,616.3299999999998
POTTAWATTAMIE,2024-03-01,850.3499999999999,17407.379999999997,955.0,25,45,421.9899999999996,0.9851293304696968,5598.800000000001,0.4741298276338055,-1137.8699999999983,-0.5723058816428762,583.0766666666668
DALLAS,2024-03-01,697.71,24259.290000000008,888.0,18,28,275.43999999999994,0.6522840836431664,12748.580000000007,1.1075407164284399,566.1600000000001,4.303762827822123,578.85
STORY,2024-03-01,455.2100000000001,13630.899999999998,539.0,17,24,-433.3899999999995,-0.48772225973441335,710.7499999999964,0.055010971234853795,263.8000000000001,1.3781934068230508,634.5599999999998
DES MOINES,2024-03-01,316.1,3362.86,250.0,9,12,311.25,64.17525773195877,2713.3,4.177135291581994,292.39000000000004,12.331927456769296,120.61666666666667
CLINTON,2024-03-01,285.20000000000005,8600.649999999998,340.0,9,19,-7.619999999999891,-0.026022812649408825,972.2799999999979,0.12745579986288,-436.39999999999986,-0.6047671840354766,269.30333333333334
HAMILTON,2024-03-01,211.95000000000002,3692.7,159.0,3,4,210.35000000000002,131.46875,3538.2,22.900970873786406,209.26000000000002,77.79182156133828,71.80666666666667
BLACK HAWK,2024-03-01,195.24000000000012,6708.819999999999,351.0,29,59,-3120.930000000001,-0.9411248518622386,-30646.580000000016,-0.8204056173940047,-631.0499999999994,-0.7637149184910864,1318.4333333333338
JOHNSON,2024-03-01,151.41000000000008,5179.360000000001,297.0,27,34,-177.20000000000016,-0.5392410456163843,578.4899999999989,0.12573491535296555,-216.67000000000002,-0.5886492066941968,495.97666666666686
MUSCATINE,2024-03-01,150.14000000000004,2492.53,168.0,10,19,-5.8300000000000125,-0.03737898313778298,341.0,0.15849186392938977,68.03000000000003,0.8285227134331996,116.12000000000005
CERRO GORDO,2024-03-01,126.49,2299.7300000000005,128.0,8,19,-17.480000000000032,-0.12141418351045377,-761.0499999999993,-0.24864577003247518,71.33000000000001,1.2931472081218278,193.2266666666667
LEE,2024-03-01,111.66000000000001,3040.8,117.0,6,18,47.13000000000001,0.7303579730357974,-70.07999999999947,-0.02252738774880403,-240.93000000000006,-0.6833148983238322,79.69333333333333
O'BRIEN,2024-03-01,110.29,1318.8600000000001,71.0,2,8,106.77000000000001,30.332386363636367,1062.8600000000001,4.1517968750000005,102.49000000000001,13.13974358974359,71.38666666666666
CRAWFORD,2024-03-01,109.65,1729.8899999999999,81.0,3,3,107.60000000000001,52.48780487804879,1218.54,2.3829862129656787,108.2,74.62068965517241,38.083333333333336
GREENE,2024-03-01,105.5,853.1,70.0,2,2,56.550000000000004,1.1552604698672115,-1247.5800000000004,-0.5938934059447418,,,52.423333333333325
MARSHALL,2024-03-01,89.58999999999999,1323.12,76.0,7,17,-27.230000000000004,-0.23309364834788568,-373.1700000000001,-0.2199918645986241,-226.56000000000017,-0.7166218567135856,133.60333333333332
HENRY,2024-03-01,79.5,1113.28,71.0,4,5,-266.62,-0.7703108748410956,-4542.8,-0.8031711008330858,45.7,1.35207100591716,153.44
DICKINSON,2024-03-01,58.67,1857.6100000000001,142.0,9,13,-120.13000000000001,-0.6718680089485459,-221.4699999999998,-0.10652307751505465,-67.85,-0.5362788491938033,93.02333333333333
JEFFERSON,2024-03-01,56.89999999999999,645.9,94.0,4,5,-3.000000000000007,-0.05008347245409027,-1263.3000000000002,-0.6616907605279699,56.849999999999994,1136.9999999999998,53.949999999999996
CEDAR,2024-03-01,56.099999999999994,900.31,76.0,3,5,46.99999999999999,5.164835164835164,635.3299999999999,2.3976526530304167,55.949999999999996,373.0,22.49
WARREN,2024-03-01,51.300000000000004,1068.8600000000001,80.0,8,9,-363.82000000000016,-0.8764212757756793,-6236.18,-0.8536818415778695,31.700000000000003,1.6173469387755102,180.24000000000004
HOWARD,2024-03-01,47.2,1242.9,100.0,4,5,46.400000000000006,58.00000000000001,1170.9,16.262500000000003,-25.049999999999983,-0.3467128027681659,16.283333333333335
BREMER,2024-03-01,45.82,574.3900000000001,53.0,4,7,32.650000000000006,2.4791192103265005,-225.06999999999982,-0.28152753108348116,-7.449999999999996,-0.1398535761216444,23.319999999999997
WORTH,2024-03-01,42.0,305.76,24.0,1,1,41.75,167.0,186.35999999999999,1.5608040201005022,41.95,839.0,14.333333333333334
APPANOOSE,2024-03-01,42.0,254.16,24.0,1,1,41.95,839.0,176.76,2.283720930232558,,,18.516666666666666
POCAHONTAS,2024-03-01,42.0,414.0,24.0,1,1,37.45,8.230769230769232,226.92,1.2129570237331622,41.25,55.0,15.549999999999999
KOSSUTH,2024-03-01,36.15,296.7,39.0,3,3,18.349999999999998,1.0308988764044942,-253.75000000000006,-0.46098646561903905,-55.1,-0.6038356164383561,33.01666666666666
SIOUX,2024-03-01,35.3,718.2,27.0,5,6,33.949999999999996,25.14814814814814,415.33000000000004,1.3713144253310001,33.699999999999996,21.062499999999996,22.083333333333332
IOWA,2024-03-01,32.85,447.0,32.0,3,3,31.200000000000003,18.90909090909091,209.35,0.8809173153797601,15.279999999999998,0.8696642003414908,14.346666666666666
TAMA,2024-03-01,32.25,392.4,20.0,2,3,31.05,25.875,359.7,10.999999999999998,29.25,9.75,11.466666666666667
UNION,2024-03-01,15.05,497.78,39.0,4,4,10.05,2.0100000000000007,141.38,0.39668911335578005,5.250000000000002,0.5357142857142859,6.933333333333334
JASPER,2024-03-01,14.700000000000001,816.91,76.0,6,11,3.3100000000000005,0.29060579455662866,352.03999999999996,0.7572869834577408,8.48,1.3633440514469455,13.496666666666668
CLARKE,2024-03-01,13.55,482.4,19.0,2,2,13.100000000000001,29.111111111111118,216.57,0.8146936011736825,12.5,11.904761904761905,7.866666666666667
BUENA VISTA,2024-03-01,11.2,293.4,25.0,5,6,4.1,0.5774647887323944,-64.67000000000002,-0.18060714385455362,7.359999999999999,1.9166666666666663,9.249999999999998
MAHASKA,2024-03-01,9.719999999999999,761.4300000000001,29.0,5,15,-197.20000000000002,-0.9530253237966364,-7513.92,-0.907988181768747,0.09999999999999964,0.01039501039501036,87.93
BENTON,2024-03-01,8.92,234.70999999999998,14.0,5,13,-24.85,-0.7358602309742375,-584.4200000000001,-0.7134642852782831,4.97,1.2582278481012656,18.49666666666667
GUTHRIE,2024-03-01,8.5,267.75,9.0,2,6,2.0299999999999994,0.31375579598145276,-176.72000000000003,-0.39759713816455555,8.45,168.99999999999997,6.890000000000001
MONONA,2024-03-01,8.35,249.9,11.0,3,8,3.55,0.7395833333333334,149.81,1.4967529223698672,0.47999999999999954,0.06099110546378647,8.200000000000001
POWESHIEK,2024-03-01,8.26,517.98,52.0,4,9,-24.440000000000005,-0.7474006116207952,98.82000000000005,0.23575722874320082,-36.859999999999985,-0.8169326241134751,15.236666666666666
BUTLER,2024-03-01,7.8999999999999995,209.66,8.0,3,4,3.3,0.717391304347826,90.25999999999999,0.7559463986599664,,,5.699999999999999
PLYMOUTH,2024-03-01,7.55,422.58,23.0,3,5,-317.6499999999999,-0.9767835178351784,-5386.910000000001,-0.9272603963514869,3.3,0.776470588235294,112.03333333333332
MONROE,2024-03-01,7.15,153.35,7.0,2,2,4.4,1.6,-158.36999999999998,-0.5080520980366996,,,3.35
CARROLL,2024-03-01,6.77,280.46999999999997,13.0,4,8,-3.1799999999999997,-0.31959798994974875,-331.99000000000007,-0.542059889625445,2.3999999999999995,0.5491990846681921,9.603333333333333
FAYETTE,2024-03-01,6.3,431.98,22.0,4,7,5.3999999999999995,5.999999999999999,243.17000000000002,1.2879084794237594,2.4299999999999997,0.6279069767441859,7.05
LYON,2024-03-01,5.95,279.01,30.0,6,7,4.25,2.5,-36.670000000000016,-0.11616193613786117,1.1799999999999997,0.24737945492662466,4.516666666666667
WEBSTER,2024-03-01,5.55,687.96,69.0,8,9,-135.8,-0.9607357622921825,-3807.83,-0.8469768383309718,-41.91999999999999,-0.8830840530861597,123.00000000000001
WINNESHIEK,2024-03-01,5.5,241.5,7.0,3,6,-38.05,-0.8737083811710677,-142.57999999999998,-0.371224744844824,5.4,54.0,17.7
WAPELLO,2024-03-01,5.3999999999999995,461.11000000000007,43.0,6,9,-269.1700000000001,-0.9803328841461195,-2562.7400000000002,-0.8475089703523654,2.7499999999999996,1.0377358490566035,95.66000000000001
CLAYTON,2024-03-01,5.35,136.84,17.0,3,3,2.5999999999999996,0.9454545454545453,32.60000000000001,0.3127398311588643,2.0999999999999996,0.6461538461538461,3.5499999999999994
JONES,2024-03-01,5.25,570.6,72.0,4,6,-79.5,-0.9380530973451328,63.610000000000014,0.1254659855223969,-26.540000000000006,-0.8348537275872916,30.77333333333333
MARION,2024-03-01,4.05,338.39,43.0,4,4,-39.8,-0.9076396807297606,-1151.4299999999998,-0.7728651783436926,-5.919999999999999,-0.5937813440320963,16.599999999999998
LUCAS,2024-03-01,3.65,449.89,59.0,2,4,3.5,23.33333333333333,217.68999999999997,0.9375107665805338,2.05,1.2812499999999998,1.4666666666666668
DELAWARE,2024-03-01,3.4699999999999998,271.30999999999995,21.0,3,7,-88.78,-0.9623848238482385,-1495.96,-0.8464807301657359,-33.28,-0.905578231292517,32.156666666666666
BUCHANAN,2024-03-01,3.3,135.37,11.0,3,4,-18.349999999999998,-0.8475750577367205,-596.7200000000001,-0.8150910407190373,-108.27,-0.9704221564936811,20.38
BOONE,2024-03-01,3.0999999999999996,381.4200000000001,27.0,5,5,-7.07,-0.6951819075712882,-597.3,-0.6102869053457577,-1.6000000000000005,-0.3404255319148937,16.39666666666667
WRIGHT,2024-03-01,2.8,116.8,8.0,3,4,-1.15,-0.2911392405063291,-415.34,-0.7805088886383282,-40.52,-0.935364727608495,4.94
WASHINGTON,2024-03-01,2.7,366.54,26.0,3,4,-22.65,-0.893491124260355,-660.8200000000002,-0.6432214608316462,-48.3,-0.9470588235294117,15.216666666666669
HARDIN,2024-03-01,2.5500000000000003,220.28,22.0,4,4,1.6500000000000004,1.8333333333333337,88.42999999999998,0.6706863860447475,-2.449999999999999,-0.4899999999999999,1.8500000000000003
FLOYD,2024-03-01,2.4499999999999997,248.4,13.0,2,2,-36.300000000000004,-0.936774193548387,-365.9100000000001,-0.5956438931484105,1.7499999999999998,2.5,36.43333333333333
PALO ALTO,2024-03-01,2.4,333.0,48.0,2,2,-3.4999999999999996,-0.5932203389830508,-161.73000000000002,-0.3269055848644716,-7.35,-0.7538461538461538,3.266666666666666
ADAIR,2024-03-01,2.3499999999999996,482.44,47.0,4,5,-5.9,-0.7151515151515152,314.44,1.8716666666666666,,,4.283333333333333
ALLAMAKEE,2024-03-01,2.25,63.739999999999995,3.0,3,3,-0.04999999999999982,-0.021739130434782532,-94.73000000000003,-0.5977787593866348,1.0799999999999998,0.9230769230769228,1.7666666666666666
CLAY,2024-03-01,2.2199999999999998,226.05,14.0,2,6,-40.279999999999994,-0.947764705882353,-821.0899999999999,-0.7841262868384361,-51.51999999999999,-0.9586899888351321,16.82333333333333
MONTGOMERY,2024-03-01,2.15,320.6,29.0,3,6,1.0999999999999999,1.0476190476190474,120.95000000000002,0.6058101677936389,-17.5,-0.89058524173028,19.23333333333333
MILLS,2024-03-01,2.0,288.49,12.0,3,5,1.45,2.6363636363636362,196.68,2.1422502995316415,-31.75,-0.9407407407407408,0.9166666666666666
HANCOCK,2024-03-01,2.0,227.94,26.0,3,4,1.7,5.666666666666667,174.84,3.2926553672316383,1.2,1.4999999999999998,3.633333333333334
CALHOUN,2024-03-01,1.95,231.0,25.0,2,2,0.44999999999999996,0.3,138.75,1.5040650406504066,0.8999999999999999,0.857142857142857,1.4000000000000001
EMMET,2024-03-01,1.8,232.2,36.0,1,1,1.6500000000000001,11.000000000000002,210.42,9.661157024793388,,,1.2833333333333332
WINNEBAGO,2024-03-01,1.8,232.2,36.0,1,1,1.6,8.0,201.23999999999998,6.499999999999999,-0.4999999999999998,-0.217391304347826,1.1833333333333333
IDA,2024-03-01,1.4,212.22,14.0,2,3,1.3499999999999999,26.999999999999996,205.51,30.627421758569298,1.2,5.999999999999999,1.6066666666666667
FREMONT,2024-03-01,1.3,189.3,26.0,2,2,-5.75,-0.8156028368794327,56.80000000000001,0.42867924528301893,1.2,11.999999999999998,3.216666666666667
DECATUR,2024-03-01,1.2,163.8,24.0,2,2,-1.7500000000000002,-0.5932203389830509,-163.19,-0.49906724976298966,,,1.616666666666667
WAYNE,2024-03-01,1.12,22.47,3.0,1,1,1.02,10.2,-4.150000000000002,-0.15589782118707746,0.6700000000000002,1.4888888888888892,0.9066666666666667
HARRISON,2024-03-01,1.1,274.93,9.0,3,3,-1.2999999999999998,-0.5416666666666666,29.149999999999977,0.11860200179021879,-7.92,-0.8780487804878049,1.8833333333333335
MADISON,2024-03-01,0.9,83.76,4.0,2,2,-0.8200000000000002,-0.4767441860465117,-13.89,-0.14224270353302612,0.0,0.0,3.456666666666667
OSCEOLA,2024-03-01,0.8,36.88,2.0,1,2,-31.45,-0.9751937984496124,-290.11,-0.8872136762592129,,,25.266666666666666
CHEROKEE,2024-03-01,0.75,23.25,1.0,1,1,0.0,0.0,-20.25,-0.46551724137931033,-63.97,-0.9884116192830655,1.1233333333333333
MITCHELL,2024-03-01,0.75,145.5,1.0,1,1,-104.25,-0.9928571428571429,-844.5,-0.853030303030303,,,35.38333333333333
PAGE,2024-03-01,0.75,51.74,1.0,1,1,-1.6,-0.6808510638297872,-124.61000000000001,-0.706606180890275,-62.199999999999996,-0.9880857823669579,2.683333333333333
AUDUBON,2024-03-01,0.65,154.8,13.0,2,2,-6.5,-0.9090909090909091,92.10000000000001,1.4688995215311005,0.5,3.3333333333333335,2.6166666666666667
FRANKLIN,2024-03-01,0.5,477.0,10.0,1,1,0.3,1.4999999999999998,439.39,11.682797128423292,,,0.25
LOUISA,2024-03-01,0.25,96.0,5.0,1,1,-0.04999999999999999,-0.16666666666666663,52.44,1.2038567493112946,,,0.25
SHELBY,2024-03-01,0.15000000000000002,23.03,3.0,1,2,-6.1,-0.976,-272.87,-0.9221696519094288,-47.17,-0.9968300929839392,4.116666666666666
VAN BUREN,2024-03-01,0.1,110.7,2.0,2,2,-1.0999999999999999,-0.9166666666666666,68.94,1.6508620689655173,,,0.45
GRUNDY,2024-03-01,0.05,77.4,1.0,1,1,-1.7499999999999998,-0.9722222222222222,-333.0,-0.8114035087719299,-1.5999999999999999,-0.9696969696969697,21.650000000000002
POLK,2024-04-01,4643.680000000012,84572.5699999998,5909.0,125,178,-1216.9799999999996,-0.20765238044861792,-34619.070000000065,-0.29044881000043377,1733.7000000000103,0.595777290565574,5224.550000000011
LINN,2024-04-01,4302.650000000003,40967.24000000002,3205.0,45,88,2869.8900000000053,2.0030500572322016,14933.529999999995,0.573622814420226,3059.1600000000058,2.4601404112618614,2264.786666666667
WOODBURY,2024-04-01,2420.45,22271.320000000007,1656.0,19,30,1252.43,1.072267598157566,2868.6600000000035,0.14784880011297435,1922.2499999999998,3.8583902047370526,1428.8133333333328
JOHNSON,2024-04-01,1927.4399999999982,36682.86000000001,1704.0,35,61,1776.0299999999982,11.729938577372678,31503.500000000007,6.0825082635692445,964.4599999999981,1.001536895885686,802.4866666666662
SCOTT,2024-04-01,1727.3799999999983,30472.920000000006,1877.0,50,90,819.1399999999985,0.9018981766933836,15000.710000000006,0.9695260082431668,524.7699999999993,0.43635925196031944,1059.1933333333325
DUBUQUE,2024-04-01,755.1899999999997,14259.639999999996,827.0,20,38,-262.2800000000002,-0.25777664206315687,-2987.8800000000047,-0.17323534050112738,394.7199999999997,1.0950148417344014,1209.9599999999998
DALLAS,2024-04-01,598.8200000000003,16775.14,728.0,16,28,-98.88999999999976,-0.141735104842986,-7484.150000000009,-0.3085065556329145,500.2000000000003,5.071993510444132,572.9333333333334
BLACK HAWK,2024-04-01,594.6999999999999,22179.110000000008,928.0,35,56,399.4599999999998,2.045994673222698,15470.290000000008,2.3059628966047696,188.1099999999998,0.46265279519909425,1368.7033333333338
CLINTON,2024-04-01,337.5200000000001,5896.689999999999,343.0,6,15,52.32000000000005,0.18345021037868178,-2703.959999999999,-0.31439019143901914,-450.9299999999997,-0.5719195890671569,305.18
POTTAWATTAMIE,2024-04-01,298.17000000000024,6973.479999999999,531.0,26,34,-552.1799999999996,-0.649356147468689,-10433.899999999998,-0.5993951990477602,-650.1299999999997,-0.6855741853843718,525.6266666666669
EMMET,2024-04-01,262.65,1704.6,153.0,2,2,260.84999999999997,144.91666666666666,1472.3999999999999,6.341085271317829,,,88.19999999999999
CERRO GORDO,2024-04-01,242.72000000000003,6142.709999999999,391.0,8,19,116.23000000000003,0.9188868685271566,3842.9799999999987,1.6710570371304447,22.080000000000013,0.10007251631617119,171.06000000000003
WARREN,2024-04-01,219.05000000000004,2508.26,185.0,10,20,167.75000000000003,3.269980506822612,1439.4,1.3466684130756132,102.06000000000006,0.8723822548935813,228.4900000000001
LEE,2024-04-01,153.79,3147.44,183.0,9,12,42.12999999999998,0.37730610782733276,106.63999999999987,0.035069718495132816,4.489999999999981,0.030073677160080244,109.99333333333334
PLYMOUTH,2024-04-01,123.49999999999999,1955.8,162.0,5,10,115.94999999999999,15.357615894039734,1533.22,3.628236073642861,108.24999999999999,7.098360655737703,152.08333333333331
CARROLL,2024-04-01,84.24999999999999,3010.55,119.0,6,8,77.47999999999999,11.44460856720827,2730.0800000000004,9.733946589653085,-0.12000000000001876,-0.001422306507052492,33.65666666666666
CASS,2024-04-01,77.19999999999999,2218.0,96.0,5,9,72.02999999999999,13.93230174081238,1672.1000000000001,3.0630152042498637,75.79999999999998,54.14285714285713,34.529999999999994
DELAWARE,2024-04-01,66.05,866.64,55.0,5,7,62.58,18.034582132564843,595.33,2.1942796063543555,-20.64999999999999,-0.23817762399077272,53.923333333333325
WAPELLO,2024-04-01,53.489999999999995,515.34,88.0,7,11,48.089999999999996,8.905555555555555,54.22999999999996,0.11760751230725847,15.069999999999993,0.3922436231129618,111.15333333333335
SHELBY,2024-04-01,52.9,309.9,32.0,1,2,52.75,351.66666666666663,286.87,12.456361267911419,-11.600000000000001,-0.1798449612403101,19.766666666666666
WEBSTER,2024-04-01,50.199999999999996,1972.5500000000004,136.0,8,12,44.65,8.045045045045045,1284.5900000000004,1.8672451886737604,-46.84999999999997,-0.48274085522926313,65.7
WASHINGTON,2024-04-01,46.8,2347.2,96.0,2,2,44.099999999999994,16.33333333333333,1980.6599999999999,5.40366672123097,-5.350000000000001,-0.10258868648130397,24.95
IOWA,2024-04-01,46.41999999999999,644.0899999999999,42.0,7,8,13.569999999999986,0.4130898021308976,197.08999999999992,0.4409172259507828,42.36999999999999,10.461728395061726,26.97333333333333
BREMER,2024-04-01,45.51999999999999,740.49,74.0,5,11,-0.30000000000001137,-0.006547359231776765,166.0999999999999,0.28917634359929645,-47.07999999999999,-0.5084233261339093,34.836666666666666
JEFFERSON,2024-04-01,42.0,314.64,24.0,1,1,-14.899999999999991,-0.2618629173989454,-331.26,-0.5128657686948445,-3.200000000000003,-0.0707964601769912,52.93333333333333
BUENA VISTA,2024-04-01,41.25,1418.75,56.0,3,6,30.05,2.6830357142857144,1125.35,3.835548738922972,38.7,15.176470588235297,19.849999999999998
STORY,2024-04-01,35.80000000000002,3131.0200000000013,174.0,23,32,-419.4100000000001,-0.9213549790206718,-10499.879999999997,-0.7702998334666089,-156.03999999999996,-0.8133861551292743,459.8699999999999
SAC,2024-04-01,35.5,388.5,22.0,2,2,35.15,100.42857142857142,219.2,1.2947430596574128,31.35,7.554216867469881,22.53333333333333
HENRY,2024-04-01,33.2,408.24,36.0,3,3,-46.3,-0.5823899371069182,-705.04,-0.6332997987927566,30.800000000000004,12.833333333333336,152.94
LYON,2024-04-01,31.6,304.74,20.0,2,3,25.650000000000002,4.3109243697479,25.730000000000018,0.09221891688469955,26.700000000000003,5.448979591836736,13.083333333333334
HANCOCK,2024-04-01,31.5,513.0,18.0,1,1,29.5,14.75,285.06,1.2505922611213478,30.5,30.5,11.266666666666666
MARSHALL,2024-04-01,14.919999999999998,1239.31,63.0,8,22,-74.66999999999999,-0.8334635562004687,-83.80999999999995,-0.06334270512122858,-109.13,-0.8797259169689641,73.77666666666666
CLAYTON,2024-04-01,14.3,621.66,34.0,4,5,8.950000000000001,1.6728971962616825,484.81999999999994,3.542969891844489,8.55,1.4869565217391305,7.466666666666666
BENTON,2024-04-01,13.850000000000001,441.64000000000004,18.0,9,11,4.9300000000000015,0.5526905829596415,206.93000000000006,0.8816411742149891,-4.149999999999999,-0.23055555555555549,18.846666666666668
POWESHIEK,2024-04-01,12.02,626.09,47.0,8,14,3.76,0.4552058111380145,108.11000000000001,0.2087146221861848,-197.82000000000002,-0.9427182615325962,17.66
HARRISON,2024-04-01,11.919999999999998,593.8100000000001,54.0,5,13,10.819999999999999,9.836363636363634,318.88000000000005,1.1598588731677155,6.169999999999998,1.0730434782608693,5.14
DES MOINES,2024-04-01,11.849999999999998,1403.9800000000002,107.0,15,21,-304.25,-0.9625118633343878,-1958.8799999999999,-0.5825041779913526,-70.53999999999998,-0.8561718655176599,110.93333333333335
MILLS,2024-04-01,10.2,585.98,26.0,4,6,8.2,4.1,297.49,1.0311969219037056,4.8999999999999995,0.9245283018867924,4.25
MUSCATINE,2024-04-01,9.5,1094.2799999999997,44.0,12,18,-140.64000000000004,-0.9367257226588518,-1398.2500000000005,-0.5609761968762664,-59.67,-0.8626572213387307,105.20333333333338
CLAY,2024-04-01,8.919999999999998,453.92999999999995,51.0,2,8,6.699999999999998,3.018018018018018,227.87999999999994,1.0080955540809553,-34.92999999999999,-0.7965792474344355,17.879999999999995
DICKINSON,2024-04-01,8.2,302.3,26.0,4,9,-50.47,-0.8602352139083006,-1555.3100000000002,-0.8372640112833157,-53.93999999999998,-0.868039909880914,81.89
JASPER,2024-04-01,7.17,748.69,50.0,10,14,-7.530000000000001,-0.5122448979591837,-68.21999999999991,-0.08350981136232867,-15.800000000000002,-0.6878537222464084,11.086666666666668
HARDIN,2024-04-01,7.049999999999999,514.74,65.0,4,6,4.499999999999998,1.7647058823529402,294.46000000000004,1.3367532231705104,5.249999999999999,2.9166666666666665,3.5
BOONE,2024-04-01,6.8,403.08,32.0,5,8,3.7,1.1935483870967745,21.65999999999991,0.05678779298411176,4.3,1.72,6.69
MARION,2024-04-01,6.67,704.04,70.0,5,7,2.62,0.6469135802469136,365.65,1.080557936109223,-77.23,-0.9205005959475566,18.189999999999998
SIOUX,2024-04-01,6.47,515.52,17.0,6,10,-28.83,-0.81671388101983,-202.68000000000006,-0.28220551378446124,-48.43,-0.8821493624772313,14.373333333333333
BUCHANAN,2024-04-01,6.3,373.55,14.0,6,11,3.0,0.9090909090909092,238.18,1.7594740341286843,5.3999999999999995,5.999999999999999,10.416666666666666
WINNESHIEK,2024-04-01,5.32,332.15000000000003,25.0,3,6,-0.17999999999999972,-0.032727272727272674,90.65000000000003,0.37536231884057986,-63.12999999999999,-0.9222790357925493,18.12333333333333
FAYETTE,2024-04-01,5.3,373.66,31.0,6,9,-1.0,-0.15873015873015872,-58.31999999999999,-0.13500625028936522,1.88,0.5497076023391813,4.166666666666667
PAGE,2024-04-01,5.02,240.46,12.0,4,8,4.27,5.6933333333333325,188.72,3.6474681097796675,-1.4000000000000004,-0.21806853582554522,2.7066666666666666
O'BRIEN,2024-04-01,4.95,212.96,8.0,4,7,-105.34,-0.9551183244174449,-1105.9,-0.8385272128959859,0.9300000000000006,0.23134328358208972,39.586666666666666
HUMBOLDT,2024-04-01,4.25,293.4,7.0,2,2,0.8500000000000001,0.25000000000000006,76.61999999999998,0.35344588984223624,3.3,3.473684210526316,2.8000000000000003
MONONA,2024-04-01,4.25,319.88,24.0,4,9,-4.1,-0.49101796407185627,69.97999999999999,0.280032012805122,-10.05,-0.7027972027972028,5.8
CEDAR,2024-04-01,4.0200000000000005,355.02,34.0,5,5,-52.07999999999999,-0.9283422459893047,-545.29,-0.6056691584009952,0.7700000000000005,0.23692307692307707,23.073333333333327
APPANOOSE,2024-04-01,4.0,30.0,4.0,1,1,-38.0,-0.9047619047619048,-224.16,-0.8819641170915958,3.9,39.0,15.35
ALLAMAKEE,2024-04-01,3.47,164.82999999999998,9.0,4,6,1.2200000000000002,0.5422222222222223,101.08999999999999,1.5859742704737998,2.67,3.3375,2.6733333333333333
HAMILTON,2024-04-01,3.4000000000000004,589.74,54.0,4,6,-208.55,-0.9839584807737674,-3102.96,-0.8402957185799009,-7.249999999999998,-0.6807511737089201,72.31666666666668
CLARKE,2024-04-01,3.25,151.01,8.0,2,5,-10.3,-0.7601476014760148,-331.39,-0.6869610281923715,2.5,3.3333333333333335,5.75
TAMA,2024-04-01,2.77,223.76000000000002,17.0,3,4,-29.48,-0.9141085271317829,-168.63999999999996,-0.42976554536187556,2.4699999999999998,8.23333333333333,12.073333333333336
MADISON,2024-04-01,2.67,393.83,19.0,4,7,1.77,1.9666666666666666,310.07,3.7018863419293218,-49.08,-0.9484057971014492,1.7633333333333334
WAYNE,2024-04-01,2.62,160.6,20.0,2,3,1.5,1.3392857142857142,138.13,6.147307521139297,0.8200000000000001,0.4555555555555556,1.28
LUCAS,2024-04-01,2.12,50.64,4.0,1,2,-1.5299999999999998,-0.41917808219178077,-399.25,-0.8874391517926604,-41.730000000000004,-0.9516533637400229,1.9733333333333334
MAHASKA,2024-04-01,2.1,156.54000000000002,14.0,2,3,-7.619999999999999,-0.7839506172839507,-604.8900000000001,-0.794413143690162,-32.8,-0.9398280802292264,72.91333333333334
PALO ALTO,2024-04-01,1.95,140.46,4.0,2,2,-0.44999999999999996,-0.1875,-192.54,-0.5781981981981982,-2.0999999999999996,-0.5185185185185185,3.416666666666666
KOSSUTH,2024-04-01,1.92,226.79000000000002,5.0,4,5,-34.23,-0.9468879668049792,-69.90999999999997,-0.2356252106504886,-3.0300000000000002,-0.6121212121212122,18.623333333333335
FREMONT,2024-04-01,1.85,249.45000000000002,37.0,2,2,0.55,0.4230769230769231,60.150000000000006,0.31774960380348655,-1.5699999999999998,-0.45906432748538006,3.4
UNION,2024-04-01,1.6,112.54,4.0,2,4,-13.450000000000001,-0.8936877076411961,-385.23999999999995,-0.7739161878741613,-55.5,-0.9719789842381786,7.216666666666668
JONES,2024-04-01,1.5,128.01,16.0,3,3,-3.75,-0.7142857142857143,-442.59000000000003,-0.7756572029442692,-43.26999999999999,-0.9664954210408756,30.5
FLOYD,2024-04-01,1.5,364.40000000000003,30.0,4,9,-0.9499999999999997,-0.38775510204081626,116.00000000000003,0.4669887278582932,-105.14999999999999,-0.9859353023909986,14.233333333333336
CHEROKEE,2024-04-01,1.15,204.8,23.0,3,3,0.3999999999999999,0.5333333333333332,181.55,7.808602150537635,-0.5700000000000003,-0.33139534883720945,0.8833333333333333
WRIGHT,2024-04-01,1.1,398.40999999999997,22.0,2,3,-1.6999999999999997,-0.6071428571428571,281.60999999999996,2.4110445205479447,-3.4,-0.7555555555555555,2.6166666666666667
GUTHRIE,2024-04-01,1.0,6.59,1.0,1,1,-7.5,-0.8823529411764706,-261.16,-0.9753874883286648,0.19999999999999996,0.24999999999999994,5.323333333333333
HOWARD,2024-04-01,0.8999999999999999,161.55,18.0,3,3,-46.300000000000004,-0.9809322033898306,-1081.3500000000001,-0.8700217233888488,0.2499999999999999,0.3846153846153844,16.3
CRAWFORD,2024-04-01,0.8,72.0,8.0,1,1,-108.85000000000001,-0.9927040583675331,-1657.8899999999999,-0.9583788564590812,-1.7499999999999998,-0.6862745098039216,37.5
BUTLER,2024-04-01,0.8,137.24,10.0,3,4,-7.1,-0.8987341772151899,-72.41999999999999,-0.34541638843842404,-2.12,-0.726027397260274,4.433333333333334
CALHOUN,2024-04-01,0.8,87.12,3.0,2,2,-1.15,-0.5897435897435898,-143.88,-0.6228571428571429,-0.75,-0.48387096774193544,1.4166666666666667
JACKSON,2024-04-01,0.75,14.25,1.0,1,1,0.7,13.999999999999998,-63.150000000000006,-0.8158914728682171,-24.7,-0.9705304518664047,1.0166666666666666
MONROE,2024-04-01,0.75,45.0,2.0,1,1,-6.4,-0.8951048951048951,-108.35,-0.706553635474405,-3.3,-0.8148148148148148,3.5500000000000003
VAN BUREN,2024-04-01,0.75,25.48,2.0,1,1,0.65,6.5,-85.22,-0.7698283649503161,,,0.6833333333333332
FRANKLIN,2024-04-01,0.6,77.4,12.0,1,1,0.09999999999999998,0.19999999999999996,-399.6,-0.8377358490566038,,,0.4333333333333333
OSCEOLA,2024-04-01,0.37,12.75,1.0,1,1,-0.43000000000000005,-0.5375,-24.130000000000003,-0.6542841648590022,,,11.139999999999999
ADAIR,2024-04-01,0.2,126.6,4.0,2,2,-2.1499999999999995,-0.9148936170212765,-355.84000000000003,-0.7375839482629966,0.1,1.0,3.5999999999999996
GREENE,2024-04-01,0.2,47.43,4.0,2,2,-105.3,-0.9981042654028436,-805.6700000000001,-0.9444027663814325,,,51.54999999999999
POCAHONTAS,2024-04-01,0.15,26.61,3.0,1,1,-41.85,-0.9964285714285714,-387.39,-0.9357246376811594,-31.35,-0.9952380952380953,15.566666666666665
IDA,2024-04-01,0.05,13.31,1.0,1,1,-1.3499999999999999,-0.9642857142857143,-198.91,-0.9372820657807935,-0.7,-0.9333333333333332,0.5
LOUISA,2024-04-01,0.05,44.78,1.0,1,1,-0.2,-0.8,-51.22,-0.5335416666666667,,,0.20000000000000004
POLK,2024-05-01,3193.530000000002,80264.47999999986,5111.0,126,193,-1450.15000000001,-0.3122846535506336,-4308.089999999938,-0.0509395658663317,-2040.540000000015,-0.3898572239194371,4565.956666666675
LINN,2024-05-01,1093.7699999999984,20300.910000000025,1579.0,54,100,-3208.8800000000047,-0.7457915470698295,-20666.329999999994,-0.5044599050363164,-2005.6200000000024,-0.6471015264293948,2276.3933333333334
DALLAS,2024-05-01,840.2699999999999,12794.11,695.0,17,22,241.4499999999996,0.4032096456364174,-3981.029999999999,-0.237317244446246,305.03,0.5698938793812123,712.2666666666668
SCOTT,2024-05-01,764.7899999999995,15411.719999999996,1347.0,35,57,-962.5899999999988,-0.5572543389410551,-15061.20000000001,-0.49424866405976214,-170.72000000000025,-0.18248869600538775,1133.4699999999991
LEE,2024-05-01,764.0699999999998,14891.269999999999,649.0,8,20,610.2799999999999,3.9682684179725594,11743.829999999998,3.7312323666217617,435.8499999999998,1.3279202973615252,343.17333333333323
CLINTON,2024-05-01,662.12,15879.849999999999,691.0,8,23,324.5999999999999,0.9617207869163303,9983.16,1.6930108247169178,540.25,4.433002379584805,428.28000000000003
JOHNSON,2024-05-01,642.0999999999996,17138.179999999993,900.0,26,44,-1285.3399999999988,-0.666863819366621,-19544.680000000015,-0.5328014227898263,-1958.2800000000016,-0.7530745506425987,906.9833333333327
WINNESHIEK,2024-05-01,639.37,11911.29,402.0,4,8,634.05,119.18233082706766,11579.140000000001,34.8611771789854,637.87,425.24666666666667,216.73000000000002
DUBUQUE,2024-05-01,619.4300000000001,7163.509999999998,588.0,21,40,-135.75999999999965,-0.17976932957268993,-7096.129999999997,-0.49763738776013977,-26.049999999999955,-0.04035756336369826,797.3633333333332
CERRO GORDO,2024-05-01,566.1,7443.32,1120.0,10,26,323.38,1.3323170731707314,1300.6100000000006,0.21173228102905733,249.9099999999999,0.7903792023783163,311.77000000000004
WOODBURY,2024-05-01,518.0400000000002,9207.839999999998,611.0,21,35,-1902.4099999999996,-0.7859736825796855,-13063.480000000009,-0.5865606528934973,-44.24999999999966,-0.07869604652403506,1368.8366666666664
WEBSTER,2024-05-01,476.99000000000007,5502.54,323.0,7,12,426.7900000000001,8.50179282868526,3529.99,1.7895566652302852,473.7900000000001,148.05937500000002,177.58
WAPELLO,2024-05-01,431.5700000000001,7366.659999999999,366.0,9,20,378.0800000000001,7.068237053654891,6851.319999999999,13.294756859549032,425.0500000000001,65.19171779141107,163.4866666666667
BLACK HAWK,2024-05-01,405.5700000000002,10911.109999999999,598.0,28,58,-189.1299999999997,-0.3180258954094497,-11268.00000000001,-0.5080456339321102,-44.40999999999997,-0.09869327525667797,398.5033333333334
BREMER,2024-05-01,398.55,6851.62,254.0,4,7,353.03000000000003,7.755492091388403,6111.13,8.252819079258328,394.55,98.6375,163.29666666666665
STORY,2024-05-01,376.72000000000014,8068.6399999999985,434.0,19,39,340.92000000000013,9.522905027932959,4937.619999999997,1.5770004663017148,-33.52999999999997,-0.08173065204143806,289.2433333333334
POTTAWATTAMIE,2024-05-01,316.5400000000003,8314.499999999995,934.0,29,47,18.37000000000006,0.06160914914310644,1341.019999999996,0.19230283875482487,-199.57999999999993,-0.3866930171277994,488.35333333333347
TAMA,2024-05-01,315.57,5359.2,185.0,3,4,312.8,112.92418772563177,5135.44,22.95066142295316,312.46999999999997,100.79677419354837,116.86333333333333
EMMET,2024-05-01,107.49999999999999,1795.8,110.0,3,4,-155.14999999999998,-0.5907100704359414,91.20000000000005,0.05350228792678637,95.99999999999999,8.34782608695652,123.98333333333333
FLOYD,2024-05-01,88.7,902.7,70.0,1,4,87.2,58.13333333333333,538.3,1.477222832052689,87.2,58.13333333333333,30.883333333333336
WARREN,2024-05-01,84.94999999999997,1188.94,292.0,8,11,-134.10000000000008,-0.6121889979456747,-1319.3200000000002,-0.5259901286150559,-331.80000000000007,-0.7961607678464308,118.43333333333334
DICKINSON,2024-05-01,76.72,1178.74,112.0,8,16,68.52,8.35609756097561,876.44,2.8992391663910024,-204.48000000000005,-0.7271692745376956,47.86333333333334
CLARKE,2024-05-01,66.3,908.4200000000001,48.0,4,5,63.05,19.4,757.4100000000001,5.015628104099068,12.0,0.22099447513812157,27.7
CHEROKEE,2024-05-01,62.199999999999996,2327.62,227.0,5,7,61.05,53.08695652173913,2122.8199999999997,10.365332031249999,32.599999999999994,1.101351351351351,21.366666666666664
ALLAMAKEE,2024-05-01,58.169999999999995,640.56,41.0,5,9,54.699999999999996,15.763688760806915,475.72999999999996,2.8861857671540374,55.49999999999999,20.786516853932582,21.296666666666663
KOSSUTH,2024-05-01,57.05,2078.27,77.0,4,6,55.129999999999995,28.713541666666664,1851.48,8.163852021694078,29.199999999999996,1.0484739676840213,31.706666666666667
IOWA,2024-05-01,54.800000000000004,653.65,48.0,6,6,8.380000000000017,0.18052563550193923,9.56000000000006,0.014842646214038505,26.030000000000005,0.904761904761905,44.69
CALHOUN,2024-05-01,52.5,517.5,30.0,1,1,51.7,64.625,430.38,4.940082644628099,51.75,69.0,18.416666666666668
JASPER,2024-05-01,48.03999999999999,848.48,78.0,9,15,40.86999999999999,5.700139470013946,99.78999999999996,0.1332861397908346,38.42999999999999,3.9989594172736727,23.30333333333333
MARSHALL,2024-05-01,45.970000000000006,1695.83,198.0,9,25,31.050000000000008,2.0810991957104568,456.52,0.3683662683267302,-137.08,-0.7488664299371757,50.16
BENTON,2024-05-01,44.5,960.89,45.0,4,6,30.65,2.2129963898916962,519.25,1.1757313649125984,32.7,2.7711864406779663,22.423333333333336
KEOKUK,2024-05-01,42.65,512.97,37.0,2,3,41.15,27.433333333333334,470.97,11.213571428571429,40.9,23.37142857142857,14.733333333333333
WASHINGTON,2024-05-01,41.75,1000.38,77.0,6,7,-5.049999999999997,-0.10790598290598286,-1346.8199999999997,-0.5737985685071574,39.5,17.555555555555557,30.416666666666668
HARDIN,2024-05-01,40.849999999999994,1238.82,86.0,4,7,33.8,4.794326241134752,724.0799999999999,1.4066907564984261,8.449999999999989,0.2608024691358021,16.816666666666666
MAHASKA,2024-05-01,35.3,921.42,39.0,4,8,33.199999999999996,15.809523809523807,764.8799999999999,4.886163280950554,22.06,1.6661631419939578,15.706666666666665
POWESHIEK,2024-05-01,33.47,330.96000000000004,24.0,5,5,21.45,1.7845257903494176,-295.13,-0.4713859029851938,24.25,2.6301518438177878,17.916666666666668
APPANOOSE,2024-05-01,33.300000000000004,306.0,36.0,3,3,29.300000000000004,7.325000000000001,276.0,9.2,32.550000000000004,43.400000000000006,26.433333333333337
PALO ALTO,2024-05-01,31.65,291.78,21.0,2,2,29.7,15.23076923076923,151.31999999999996,1.0773173857325926,23.7,2.981132075471698,12.0
CHICKASAW,2024-05-01,31.5,208.44,18.0,1,1,-3.5,-0.1,-57.06,-0.21491525423728813,,,34.166666666666664
HENRY,2024-05-01,17.32,603.9,156.0,4,5,-15.880000000000003,-0.47831325301204825,195.65999999999997,0.47927689594356254,11.73,2.098389982110912,43.34
CRAWFORD,2024-05-01,16.92,1196.7500000000002,39.0,4,7,16.12,20.15,1124.7500000000002,15.62152777777778,13.620000000000001,4.127272727272728,42.45666666666667
DES MOINES,2024-05-01,15.670000000000005,1296.73,98.0,8,18,3.8200000000000074,0.3223628691983129,-107.25000000000023,-0.07638997706520051,-24.949999999999985,-0.6142294436238304,114.54000000000002
HARRISON,2024-05-01,11.85,208.56,15.0,4,7,-0.06999999999999851,-0.005872483221476385,-385.25000000000006,-0.6487765446860108,7.199999999999999,1.5483870967741933,8.29
CARROLL,2024-05-01,11.149999999999999,399.56999999999994,16.0,5,9,-73.1,-0.8676557863501484,-2610.9800000000005,-0.8672767434521932,3.9799999999999986,0.5550906555090653,34.056666666666665
PAGE,2024-05-01,10.55,1052.17,121.0,5,6,5.530000000000001,1.1015936254980083,811.71,3.3756549945936953,8.200000000000001,3.4893617021276597,5.44
CLAY,2024-05-01,9.95,482.19,57.0,6,9,1.0300000000000011,0.11547085201793737,28.260000000000048,0.06225629502346188,1.3899999999999988,0.1623831775700933,7.0299999999999985
MUSCATINE,2024-05-01,8.16,865.0000000000001,64.0,11,17,-1.3399999999999999,-0.14105263157894735,-229.27999999999963,-0.20952589830756269,-130.30999999999997,-0.941070267928071,55.933333333333344
PLYMOUTH,2024-05-01,8.1,229.87,12.0,2,4,-115.39999999999999,-0.9344129554655871,-1725.9299999999998,-0.8824675324675324,4.379999999999999,1.1774193548387093,46.383333333333326
LUCAS,2024-05-01,8.05,183.0,11.0,3,3,5.930000000000001,2.797169811320755,132.36,2.613744075829384,6.280000000000001,3.548022598870057,4.6066666666666665
SIOUX,2024-05-01,7.9,152.81,12.0,3,7,1.4300000000000006,0.22102009273570336,-362.71,-0.7035808504034761,-33.0,-0.8068459657701712,16.556666666666665
GUTHRIE,2024-05-01,7.6,606.37,75.0,3,7,6.6,6.6,599.78,91.01365705614568,7.1,14.2,5.7
MILLS,2024-05-01,7.550000000000001,701.55,79.0,3,3,-2.6499999999999986,-0.2598039215686273,115.56999999999994,0.19722516126830256,4.030000000000001,1.144886363636364,6.583333333333333
CEDAR,2024-05-01,6.57,180.02,23.0,4,5,2.55,0.6343283582089551,-174.99999999999997,-0.49292997577601255,2.95,0.8149171270718232,22.23
WRIGHT,2024-05-01,5.85,314.35,8.0,3,4,4.75,4.3181818181818175,-84.05999999999995,-0.21098868000301185,1.6499999999999995,0.39285714285714274,3.25
FAYETTE,2024-05-01,5.8,864.96,55.0,7,8,0.5,0.09433962264150944,491.3,1.3148316651501364,1.7299999999999995,0.4250614250614249,5.8
HAMILTON,2024-05-01,5.72,165.89999999999998,17.0,2,3,2.3199999999999994,0.6823529411764704,-423.84000000000003,-0.7186895920236037,-1.0300000000000002,-0.15259259259259264,73.69000000000001
O'BRIEN,2024-05-01,5.6,209.53,19.0,2,7,0.6499999999999995,0.1313131313131312,-3.430000000000007,-0.016106311044327606,-7.910000000000002,-0.5854922279792747,40.28
LYON,2024-05-01,5.5,180.73000000000002,6.0,3,3,-26.1,-0.8259493670886076,-124.00999999999999,-0.4069370611012666,-36.4,-0.8687350835322196,14.350000000000001
BUENA VISTA,2024-05-01,4.699999999999999,231.3,18.0,3,3,-36.55,-0.886060606060606,-1187.45,-0.8369691629955948,-308.6000000000001,-0.9849984040855411,19.05
UNION,2024-05-01,4.35,569.6,31.0,5,8,2.7499999999999996,1.7187499999999996,457.06,4.061311533676915,2.2499999999999996,1.0714285714285712,7.0
BOONE,2024-05-01,4.32,294.0,11.0,3,4,-2.4799999999999995,-0.3647058823529411,-109.07999999999998,-0.2706162548377493,3.1700000000000004,2.7565217391304353,4.739999999999999
MARION,2024-05-01,4.3,752.0999999999999,39.0,7,9,-2.37,-0.3553223388305847,48.059999999999945,0.06826316686551893,-70.2,-0.9422818791946309,5.006666666666667
MONONA,2024-05-01,4.0,78.92,5.0,3,5,-0.25,-0.058823529411764705,-240.95999999999998,-0.7532824809303488,-1.25,-0.23809523809523808,5.533333333333334
MADISON,2024-05-01,2.92,203.95999999999998,5.0,3,5,0.25,0.09363295880149813,-189.87,-0.4821115709824036,2.17,2.893333333333333,2.1633333333333336
WINNEBAGO,2024-05-01,2.55,124.49000000000001,10.0,3,3,0.7499999999999998,0.4166666666666665,-107.70999999999998,-0.4638673557278208,-49.95,-0.9514285714285715,1.5166666666666666
DECATUR,2024-05-01,2.5,230.52,26.0,2,2,1.3,1.0833333333333335,66.72,0.40732600732600727,,,2.216666666666667
CLAYTON,2024-05-01,2.35,236.06000000000003,5.0,5,5,-11.950000000000001,-0.8356643356643357,-385.5999999999999,-0.6202747482546729,-34.05,-0.9354395604395604,7.333333333333333
HUMBOLDT,2024-05-01,1.9700000000000002,103.94,7.0,2,2,-2.28,-0.536470588235294,-189.45999999999998,-0.6457396046353101,0.8200000000000003,0.7130434782608699,3.206666666666667
SAC,2024-05-01,1.85,161.45,14.0,3,3,-33.65,-0.9478873239436619,-227.05,-0.5844272844272844,-72.35,-0.975067385444744,12.566666666666668
FREMONT,2024-05-01,1.8,232.2,36.0,1,1,-0.050000000000000044,-0.02702702702702705,-17.25000000000003,-0.06915213469633204,1.75,35.0,1.6500000000000001
IDA,2024-05-01,1.6,47.14,6.0,1,2,1.55,31.0,33.83,2.5416979714500374,-67.65,-0.9768953068592059,1.0166666666666666
MONTGOMERY,2024-05-01,1.5,126.33000000000001,16.0,1,3,-0.6499999999999999,-0.3023255813953488,-194.27,-0.6059575795383656,-0.6499999999999999,-0.3023255813953488,1.5666666666666667
SHELBY,2024-05-01,1.2,31.44,6.0,1,1,-51.699999999999996,-0.9773156899810963,-278.46,-0.8985479186834463,-1.47,-0.550561797752809,18.083333333333332
BUTLER,2024-05-01,1.12,34.56,3.0,1,1,0.32000000000000006,0.4000000000000001,-102.68,-0.7481783736519965,1.02,10.2,3.2733333333333334
CASS,2024-05-01,0.85,126.38,3.0,2,3,-76.35,-0.9889896373056996,-2091.62,-0.9430207394048692,-0.9500000000000001,-0.5277777777777778,27.739999999999995
LOUISA,2024-05-01,0.85,86.26,3.0,2,2,0.7999999999999999,15.999999999999998,41.480000000000004,0.9263063867798125,-0.65,-0.43333333333333335,0.3833333333333333
ADAIR,2024-05-01,0.8,184.96,16.0,2,4,0.6000000000000001,3.0000000000000004,58.360000000000014,0.4609794628751976,0.20000000000000007,0.3333333333333335,1.1166666666666665
JONES,2024-05-01,0.8,16.259999999999998,2.0,2,2,-0.7,-0.4666666666666666,-111.75,-0.8729786735411297,-31.45,-0.9751937984496124,2.5166666666666666
JEFFERSON,2024-05-01,0.8,72.0,8.0,1,1,-41.2,-0.980952380952381,-242.64,-0.7711670480549199,-30.9,-0.974763406940063,33.23333333333333
ADAMS,2024-05-01,0.75,12.0,1.0,1,1,-1.0,-0.5714285714285714,-12.740000000000002,-0.5149555375909459,,,1.0333333333333334
MITCHELL,2024-05-01,0.75,25.48,2.0,1,1,0.0,0.0,-120.02,-0.8248797250859107,,,35.5
WAYNE,2024-05-01,0.75,37.5,1.0,1,1,-1.87,-0.7137404580152672,-123.1,-0.7665006226650062,-0.09999999999999998,-0.11764705882352938,1.4966666666666668
FRANKLIN,2024-05-01,0.2,178.8,4.0,1,1,-0.39999999999999997,-0.6666666666666666,101.4,1.3100775193798448,,,0.43333333333333335
BUCHANAN,2024-05-01,0.05,77.4,1.0,1,1,-6.25,-0.9920634920634921,-296.15,-0.792798822112167,-73.67,-0.9993217580032556,3.216666666666667
HANCOCK,2024-05-01,0.05,77.4,1.0,1,1,-31.45,-0.9984126984126984,-435.6,-0.849122807017544,-1.2,-0.96,11.183333333333332
GRUNDY,2024-05-01,0.05,77.4,1.0,1,1,0.0,0.0,0.0,0.0,-2.35,-0.9791666666666667,0.6333333333333333
VAN BUREN,2024-05-01,0.05,7.5,1.0,1,1,-0.7,-0.9333333333333332,-17.98,-0.7056514913657771,,,0.3
POLK,2024-06-01,2214.66,64822.170000000035,4047.0,125,156,-978.8700000000022,-0.3065166132774709,-15442.30999999983,-0.19239282432278706,-1597.4200000000028,-0.41904157310444734,3350.623333333338
WASHINGTON,2024-06-01,1133.8,8867.02,1200.0,6,8,1092.05,26.15688622754491,7866.64,7.863651812311322,1102.0,34.65408805031446,407.45
LINN,2024-06-01,984.7599999999993,21369.750000000015,1312.0,49,83,-109.00999999999908,-0.09966446327838507,1068.8399999999892,0.05264985658278313,-1182.2300000000032,-0.5455632005685314,2127.0600000000004
DALLAS,2024-06-01,656.3499999999999,22655.030000000006,936.0,13,20,-183.91999999999996,-0.2188820260154474,9860.920000000006,0.7707390353842515,341.0499999999998,1.0816682524579755,698.48
WOODBURY,2024-06-01,597.7199999999999,23681.83,741.0,16,22,79.67999999999972,0.15381051656242703,14473.990000000003,1.5719202331925843,46.50000000000023,0.08435833242625496,1178.7366666666665
SCOTT,2024-06-01,592.9499999999998,15011.529999999993,729.0,31,63,-171.8399999999997,-0.22468913034950744,-400.1900000000023,-0.02596660204052516,-355.4799999999999,-0.37480889469966155,1028.3733333333325
BLACK HAWK,2024-06-01,528.2400000000002,9470.449999999995,635.0,34,65,122.67000000000002,0.3024631999408239,-1440.6600000000035,-0.13203606232546494,175.3599999999998,0.49693946950804685,509.5033333333335
JOHNSON,2024-06-01,438.7400000000002,12833.309999999998,695.0,28,38,-203.3599999999994,-0.31671079271141495,-4304.869999999995,-0.25118594856630033,-1193.8699999999985,-0.7312646621054627,1002.7599999999993
DUBUQUE,2024-06-01,301.44000000000017,7912.689999999999,486.0,18,28,-317.9899999999999,-0.5133590559062362,749.1800000000003,0.1045828092652904,11.370000000000118,0.03919743510187236,558.6866666666666
DICKINSON,2024-06-01,205.22,2501.2299999999996,172.0,8,19,128.5,1.6749217935349323,1322.4899999999996,1.1219522541018372,-504.98,-0.7110391439031258,96.71333333333332
POTTAWATTAMIE,2024-06-01,178.9400000000001,5515.030000000001,366.0,25,42,-137.6000000000002,-0.434700195867821,-2799.469999999994,-0.33669733597931273,-1023.1999999999985,-0.851148784667343,264.5500000000002
CLINTON,2024-06-01,174.47,2744.7699999999995,256.0,12,19,-487.65,-0.7364979157856582,-13135.079999999998,-0.8271539088845298,-507.8499999999999,-0.7442988627037167,391.37000000000006
CERRO GORDO,2024-06-01,150.21000000000006,3126.309999999999,171.0,11,29,-415.89,-0.734658187599364,-4317.01,-0.5799844692959594,-331.3700000000001,-0.6880892063623905,319.6766666666667
MARSHALL,2024-06-01,141.90000000000003,3109.8100000000004,468.0,11,23,95.93000000000004,2.086795736349794,1413.9800000000005,0.8337981991119396,5.600000000000051,0.04108584005869444,67.59666666666668
ALLAMAKEE,2024-06-01,137.25,1025.4,79.0,3,3,79.08000000000001,1.359463641052089,384.84000000000015,0.6007868115399029,135.1,62.83720930232558,66.29666666666667
CLAY,2024-06-01,113.64999999999999,1996.7900000000002,125.0,3,9,103.69999999999999,10.422110552763819,1514.6000000000001,3.14108546423609,69.88,1.5965273018048896,44.173333333333325
MARION,2024-06-01,113.2,1526.4300000000003,83.0,7,11,108.9,25.32558139534884,774.3300000000004,1.02955723972876,82.85,2.7298187808896204,41.39
STORY,2024-06-01,108.19,4235.76,221.0,24,29,-268.53000000000014,-0.7128105754937355,-3832.8799999999983,-0.47503420650815986,-150.40000000000003,-0.581615685061294,173.57000000000005
SAC,2024-06-01,106.55,1081.31,63.0,2,3,104.7,56.5945945945946,919.8599999999999,5.697491483431403,100.7,17.213675213675216,47.96666666666667
SIOUX,2024-06-01,73.05,982.58,98.0,3,3,65.14999999999999,8.246835443037973,829.77,5.430076565669786,68.89999999999999,16.602409638554214,29.14
CRAWFORD,2024-06-01,73.0,3017.3399999999997,97.0,2,3,56.08,3.3144208037825056,1820.5899999999995,1.5212784625026106,72.1,80.1111111111111,30.24
MAHASKA,2024-06-01,69.32000000000001,1232.89,91.0,5,9,34.02000000000001,0.9637393767705386,311.47000000000014,0.3380326018536608,-20.929999999999993,-0.23191135734072013,35.57333333333333
WEBSTER,2024-06-01,67.94999999999999,2542.1300000000006,113.0,8,12,-409.0400000000001,-0.8575441833162121,-2960.4099999999994,-0.538007901805348,-48.51999999999997,-0.4165879625654674,198.38000000000002
FLOYD,2024-06-01,53.8,578.4,38.0,2,4,-34.900000000000006,-0.3934611048478016,-324.30000000000007,-0.3592555666334331,50.129999999999995,13.659400544959126,48.0
BUCHANAN,2024-06-01,51.199999999999996,1184.35,63.0,7,10,51.15,1022.9999999999999,1106.9499999999998,14.301679586563305,45.65,8.225225225225225,19.183333333333334
DES MOINES,2024-06-01,45.319999999999986,1144.32,79.0,12,15,29.64999999999998,1.8921506062539866,-152.41000000000008,-0.11753410501800689,34.94999999999999,3.3702989392478293,24.279999999999998
FRANKLIN,2024-06-01,43.300000000000004,570.22,50.0,3,3,43.1,215.5,391.42,2.189149888143177,42.300000000000004,42.300000000000004,14.700000000000001
BOONE,2024-06-01,43.29,1138.42,55.0,8,11,38.97,9.020833333333332,844.4200000000001,2.8721768707482997,38.54,8.113684210526316,18.136666666666667
JASPER,2024-06-01,43.11999999999999,1756.3700000000001,118.0,13,16,-4.920000000000002,-0.1024146544546212,907.8900000000001,1.0700193286818782,7.6699999999999875,0.21636107193229864,32.776666666666664
LEE,2024-06-01,40.47,1861.4400000000005,112.0,8,11,-723.5999999999998,-0.94703364874946,-13029.829999999998,-0.8749979014550135,-18.029999999999994,-0.30820512820512813,319.44333333333327
JACKSON,2024-06-01,38.699999999999996,923.49,88.0,4,5,37.949999999999996,50.599999999999994,909.24,63.806315789473686,-66.5,-0.63212927756654,13.166666666666664
O'BRIEN,2024-06-01,38.44999999999999,1046.98,80.0,7,12,32.84999999999999,5.866071428571427,837.45,3.9968023672027875,-52.22,-0.5759347082827838,16.33333333333333
GUTHRIE,2024-06-01,37.199999999999996,575.08,26.0,4,7,29.599999999999994,3.8947368421052624,-31.289999999999964,-0.051602157098801005,36.599999999999994,60.99999999999999,15.266666666666666
BREMER,2024-06-01,36.050000000000004,489.9100000000001,41.0,3,9,-362.5,-0.9095471082674695,-6361.71,-0.9284972021215421,30.680000000000007,5.71322160148976,160.04
FAYETTE,2024-06-01,35.35,979.25,53.0,7,8,29.55,5.094827586206897,114.28999999999996,0.13213327783943762,32.6,11.854545454545455,15.483333333333334
HAMILTON,2024-06-01,34.73999999999999,520.6600000000001,31.0,4,6,29.01999999999999,5.0734265734265716,354.7600000000001,2.1383966244725747,4.419999999999984,0.14577836411609443,14.619999999999996
HENRY,2024-06-01,34.12,303.12,25.0,2,2,16.799999999999997,0.9699769053117782,-300.78,-0.4980625931445603,-629.7299999999999,-0.9486028470286962,28.213333333333335
LUCAS,2024-06-01,33.17,456.22,32.0,3,6,25.12,3.120496894409938,273.22,1.4930054644808746,24.480000000000004,2.8170310701956276,14.446666666666667
CHEROKEE,2024-06-01,31.55,387.9,19.0,2,2,-30.649999999999995,-0.49276527331189707,-1939.7199999999998,-0.8333490861910449,30.2,22.370370370370367,31.63333333333333
MUSCATINE,2024-06-01,25.60000000000001,1475.1000000000001,277.0,10,12,17.44000000000001,2.137254901960785,610.1,0.7053179190751444,-15.859999999999978,-0.38253738543174104,14.420000000000002
HARDIN,2024-06-01,23.45,534.88,207.0,3,6,-17.399999999999995,-0.42594859241126065,-703.9399999999999,-0.5682342874671058,12.899999999999999,1.2227488151658765,23.78333333333333
POWESHIEK,2024-06-01,12.719999999999999,453.6500000000001,27.0,6,9,-20.75,-0.6199581714968628,122.69000000000005,0.37070945129320776,-19.980000000000004,-0.6110091743119267,19.403333333333332
WARREN,2024-06-01,9.68,1484.5800000000002,97.0,13,14,-75.26999999999998,-0.8860506180105945,295.6400000000001,0.24865846888825346,-6.520000000000003,-0.40246913580246924,104.56
WORTH,2024-06-01,9.200000000000001,435.04,52.0,1,2,-32.8,-0.7809523809523808,129.28000000000003,0.4228152799581372,-24.549999999999997,-0.7274074074074073,17.150000000000002
CLAYTON,2024-06-01,8.45,431.79,27.0,3,8,6.1,2.595744680851064,195.73,0.8291536050156738,4.449999999999999,1.1124999999999998,8.366666666666667
BENTON,2024-06-01,7.6,249.79,21.0,6,10,-36.9,-0.8292134831460674,-711.1,-0.7400430850565621,0.14999999999999947,0.020134228187919392,21.983333333333334
WAPELLO,2024-06-01,7.19,787.12,33.0,6,9,-424.3800000000001,-0.9833398985100911,-6579.539999999999,-0.8931510345258231,-37.209999999999994,-0.8380630630630631,164.08333333333337
CARROLL,2024-06-01,7.1,218.83,21.0,5,9,-4.049999999999999,-0.36322869955156944,-180.73999999999992,-0.4523362614810921,-432.45,-0.9838471163690137,34.16666666666666
WRIGHT,2024-06-01,5.8,290.36,7.0,4,4,-0.04999999999999982,-0.008547008547008517,-23.99000000000001,-0.07631620804835378,-27.500000000000004,-0.8258258258258259,4.25
MILLS,2024-06-01,5.64,810.8499999999999,48.0,4,11,-1.910000000000001,-0.25298013245033124,109.29999999999995,0.15579787613142324,1.1899999999999995,0.26741573033707855,7.796666666666667
AUDUBON,2024-06-01,5.2,233.84000000000003,28.0,2,2,4.55,6.999999999999999,79.04000000000002,0.5105943152454782,1.2000000000000002,0.30000000000000004,4.333333333333333
ADAMS,2024-06-01,4.9,287.73,21.0,2,6,4.15,5.533333333333334,275.73,22.977500000000003,,,2.466666666666667
KOSSUTH,2024-06-01,4.85,919.3100000000001,18.0,3,9,-52.199999999999996,-0.9149868536371604,-1158.96,-0.5576561274521598,-23.5,-0.8289241622574955,21.273333333333333
PAGE,2024-06-01,4.550000000000001,399.86,27.0,5,10,-6.0,-0.5687203791469194,-652.3100000000001,-0.6199663552467757,3.0500000000000007,2.0333333333333337,6.706666666666667
LOUISA,2024-06-01,4.49,104.59,10.0,1,4,3.64,4.2823529411764705,18.33,0.21249710178530024,4.44,88.8,1.7966666666666669
DELAWARE,2024-06-01,4.0,122.96,4.0,1,1,-62.05,-0.939439818319455,-743.68,-0.8581187113449644,-28.25,-0.875968992248062,24.506666666666664
KEOKUK,2024-06-01,4.0,31.52,4.0,1,1,-38.65,-0.9062133645955451,-481.45000000000005,-0.9385539115347876,-3.0,-0.42857142857142855,16.05
MONONA,2024-06-01,3.9,174.1,9.0,2,8,-0.10000000000000009,-0.025000000000000022,95.17999999999999,1.2060314242270653,-7.840000000000002,-0.667802385008518,4.05
MADISON,2024-06-01,3.82,194.98000000000002,18.0,4,4,0.8999999999999999,0.30821917808219174,-8.979999999999961,-0.04402824083153541,-52.929999999999986,-0.9326872246696035,3.1366666666666667
CLARKE,2024-06-01,3.77,246.78,13.0,2,4,-62.529999999999994,-0.9431372549019608,-661.6400000000001,-0.7283415160388367,3.17,5.283333333333333,24.439999999999998
TAMA,2024-06-01,3.6500000000000004,509.4,61.0,4,3,-311.92,-0.9884336280381533,-4849.8,-0.904948499776086,-93.24999999999999,-0.9623323013415892,107.32999999999998
WINNESHIEK,2024-06-01,3.5,150.0,8.0,3,4,-635.87,-0.9945258613948105,-11761.29,-0.987406905549273,0.20000000000000018,0.06060606060606066,216.06333333333336
JEFFERSON,2024-06-01,3.5,243.86,15.0,3,3,2.7,3.375,171.86,2.3869444444444445,0.3999999999999999,0.1290322580645161,15.433333333333332
JONES,2024-06-01,3.4,350.02,27.0,6,8,2.5999999999999996,3.2499999999999996,333.76,20.526445264452647,-33.97,-0.9090179288199091,1.8999999999999997
HARRISON,2024-06-01,3.35,456.08,26.0,5,6,-8.5,-0.7172995780590717,247.51999999999998,1.1868047564250095,-2.0500000000000003,-0.37962962962962965,9.04
PALO ALTO,2024-06-01,3.2,292.35,36.0,3,4,-28.45,-0.8988941548183255,0.57000000000005,0.0019535266296526496,-8.649999999999999,-0.7299578059071729,12.266666666666667
DECATUR,2024-06-01,2.95,565.67,45.0,3,3,0.4500000000000002,0.18000000000000008,335.15,1.4538868644803051,,,2.216666666666667
CASS,2024-06-01,2.5,81.48,13.0,2,3,1.65,1.9411764705882353,-44.89999999999999,-0.35527773381864214,0.5999999999999999,0.31578947368421045,26.849999999999994
TAYLOR,2024-06-01,2.25,36.0,3.0,2,3,-0.10000000000000009,-0.042553191489361736,-163.05,-0.8191409193669932,,,1.6000000000000003
LYON,2024-06-01,2.12,143.82,15.0,3,4,-3.38,-0.6145454545454545,-36.910000000000025,-0.20422730039285134,-37.75,-0.9468271883621772,13.073333333333332
MONTGOMERY,2024-06-01,2.05,580.24,27.0,5,6,0.5499999999999998,0.36666666666666653,453.90999999999997,3.5930499485474545,-26.75,-0.9288194444444444,1.8999999999999997
SHELBY,2024-06-01,1.9700000000000002,245.55,6.0,3,3,0.7700000000000002,0.6416666666666669,214.11,6.810114503816794,-37.97,-0.9506760140210315,18.69
HOWARD,2024-06-01,1.95,280.05,21.0,4,4,1.05,1.1666666666666667,118.5,0.7335190343546889,0.07999999999999985,0.04278074866310152,16.683333333333334
FREMONT,2024-06-01,1.82,116.88000000000001,17.0,2,3,0.020000000000000018,0.01111111111111112,-115.31999999999998,-0.49664082687338496,1.6700000000000002,11.133333333333335,1.8233333333333335
IOWA,2024-06-01,1.0,155.72000000000003,6.0,5,5,-53.800000000000004,-0.9817518248175182,-497.92999999999995,-0.7617685305591677,-34.5,-0.971830985915493,34.07333333333333
ADAIR,2024-06-01,0.9,39.75,4.0,1,2,0.09999999999999998,0.12499999999999997,-145.21,-0.7850886678200693,0.75,5.0,0.6333333333333333
EMMET,2024-06-01,0.9,111.4,5.0,2,3,-106.59999999999998,-0.9916279069767441,-1684.3999999999999,-0.9379663659650295,-1.4500000000000002,-0.6170212765957447,123.68333333333332
UNION,2024-06-01,0.8,49.28,2.0,2,2,-3.55,-0.8160919540229885,-520.32,-0.9134831460674158,-34.85,-0.9775596072931277,2.2499999999999996
OSCEOLA,2024-06-01,0.75,11.25,1.0,1,1,0.38,1.027027027027027,-1.5,-0.11764705882352941,,,0.64
IDA,2024-06-01,0.75,41.24,1.0,1,1,-0.8500000000000001,-0.53125,-5.899999999999999,-0.12515910055154855,-46.75,-0.9842105263157894,0.8000000000000002
POCAHONTAS,2024-06-01,0.65,203.4,13.0,2,2,0.5,3.3333333333333335,176.79000000000002,6.643742953776776,0.55,5.5,14.266666666666666
WINNEBAGO,2024-06-01,0.65,91.89,13.0,2,2,-1.9,-0.7450980392156863,-32.60000000000001,-0.2618684231665194,-0.9500000000000001,-0.59375,1.6666666666666667
MITCHELL,2024-06-01,0.6,87.12,12.0,1,1,-0.15000000000000002,-0.20000000000000004,61.64,2.4191522762951334,,,0.7000000000000001
GREENE,2024-06-01,0.5,425.7,10.0,2,2,0.3,1.4999999999999998,378.27,7.975332068311195,-44.75,-0.988950276243094,35.4
CEDAR,2024-06-01,0.25,153.1,5.0,2,2,-6.32,-0.9619482496194824,-26.920000000000016,-0.14953894011776478,-2.2,-0.8979591836734694,3.6133333333333333
APPANOOSE,2024-06-01,0.15000000000000002,232.20000000000002,3.0,1,2,-33.150000000000006,-0.9954954954954955,-73.79999999999998,-0.24117647058823524,-1.0499999999999998,-0.8749999999999999,12.483333333333334
WAYNE,2024-06-01,0.1,154.8,2.0,1,2,-0.65,-0.8666666666666667,117.30000000000001,3.128,-0.65,-0.8666666666666667,1.1566666666666667
HANCOCK,2024-06-01,0.05,77.4,1.0,1,1,0.0,0.0,0.0,0.0,-2.3000000000000003,-0.9787234042553192,10.533333333333333
HUMBOLDT,2024-06-01,0.05,77.4,1.0,1,1,-1.9200000000000002,-0.9746192893401016,-26.539999999999992,-0.2553396190109678,-53.050000000000004,-0.9990583804143127,2.0900000000000003
BUENA VISTA,2024-06-01,0.05,9.9,1.0,1,1,-4.6499999999999995,-0.9893617021276596,-221.4,-0.9571984435797665,-2.2700000000000005,-0.9784482758620691,15.333333333333334
POLK,2024-07-01,3960.350000000001,77182.10999999988,4412.0,119,173,1745.690000000001,0.7882428905565645,12359.93999999985,0.19067457939158536,-1018.2600000000107,-0.20452696636209872,3122.8466666666677
LINN,2024-07-01,2902.180000000001,40175.070000000014,2711.0,55,100,1917.420000000002,1.9470937081116244,18805.32,0.8799971922928432,1318.4600000000034,0.8325082716641864,1660.2366666666665
CARROLL,2024-07-01,2173.4500000000003,21955.210000000006,1272.0,4,14,2166.3500000000004,305.1197183098592,21736.380000000005,99.32998217794636,1938.8500000000001,8.264492753623188,730.5666666666667
SCOTT,2024-07-01,1057.2699999999986,17283.68,1627.0,40,70,464.3199999999988,0.7830677122860257,2272.150000000007,0.151360321033233,577.9899999999984,1.205954765481552,805.0033333333326
DUBUQUE,2024-07-01,876.3899999999999,14478.419999999996,1087.0,16,24,574.9499999999997,1.907344745222928,6565.729999999998,0.8297721760867668,688.8799999999999,3.673830729027784,599.0866666666667
LEE,2024-07-01,732.4699999999998,7483.63,501.0,9,18,691.9999999999998,17.09908574252532,5622.19,3.020344464500601,439.91999999999973,1.5037429499230888,512.3366666666666
BLACK HAWK,2024-07-01,629.89,15052.720000000003,729.0,32,61,101.64999999999975,0.1924314705436917,5582.270000000008,0.589440839664431,519.98,4.730961695933038,521.2333333333335
DALLAS,2024-07-01,524.4699999999998,15523.960000000001,703.0,17,30,-131.8800000000001,-0.20092938218938086,-7131.070000000005,-0.3147676255560025,324.9699999999998,1.6289223057644098,673.6966666666666
JOHNSON,2024-07-01,505.54000000000036,9860.060000000001,679.0,33,50,66.80000000000018,0.15225418243150876,-2973.2499999999964,-0.23168223942225324,-499.4899999999995,-0.4969901395978225,528.7933333333334
WOODBURY,2024-07-01,401.90000000000026,12659.749999999996,720.0,27,38,-195.81999999999965,-0.32761159071136936,-11022.080000000005,-0.4654234913433634,178.75000000000023,0.8010306968406911,505.8866666666668
DICKINSON,2024-07-01,321.3400000000001,5892.820000000001,406.0,9,29,116.12000000000009,0.5658317902738529,3391.590000000001,1.3559688633192475,-631.2599999999998,-0.6626705857652738,201.09333333333336
POTTAWATTAMIE,2024-07-01,253.89000000000007,8423.809999999998,685.0,30,41,74.94999999999996,0.41885548228456415,2908.779999999997,0.5274277746449243,175.3300000000001,2.231797352342161,249.79000000000016
STORY,2024-07-01,246.48999999999998,8255.769999999999,405.0,22,26,138.29999999999998,1.2783066826878637,4020.0099999999984,0.9490646306684039,-235.36000000000016,-0.4884507626854832,243.80000000000004
CLINTON,2024-07-01,232.82000000000002,4865.599999999999,365.0,11,21,58.35000000000002,0.33444145125236446,2120.83,0.7726804067371766,-680.5499999999998,-0.7450978245398906,356.47
LUCAS,2024-07-01,165.35,4865.6900000000005,231.0,2,6,132.18,3.9849261380765753,4409.47,9.665227302617158,164.2,142.7826086956522,68.85666666666667
CERRO GORDO,2024-07-01,148.56000000000003,2385.9499999999994,244.0,8,19,-1.650000000000034,-0.010984621529858421,-740.3599999999997,-0.23681592676350072,-163.46,-0.5238766745721428,288.29
JONES,2024-07-01,147.04000000000002,1244.81,108.0,4,11,143.64000000000001,42.247058823529414,894.79,2.5563967773270098,145.19000000000003,78.48108108108109,50.413333333333334
CLAY,2024-07-01,136.95000000000002,1687.85,106.0,2,6,23.300000000000026,0.20501539815222197,-308.9400000000003,-0.1547183229082679,71.01000000000002,1.0768880800727938,86.85000000000001
LYON,2024-07-01,124.89999999999999,1588.5,102.0,5,9,122.77999999999999,57.915094339622634,1444.68,10.045056320400501,123.74999999999999,107.6086956521739,44.173333333333325
IOWA,2024-07-01,116.84999999999998,1999.24,172.0,7,8,115.84999999999998,115.84999999999998,1843.52,11.838684818905726,71.38,1.5698262590719156,57.54999999999999
FLOYD,2024-07-01,108.09999999999997,2016.66,158.0,7,12,54.29999999999997,1.0092936802973973,1438.2600000000002,2.4866182572614113,93.04999999999997,6.182724252491691,83.53333333333332
CASS,2024-07-01,93.67,2071.87,90.0,5,7,91.17,36.468,1990.3899999999999,24.427957781050562,37.17000000000001,0.6578761061946905,32.339999999999996
SAC,2024-07-01,85.7,961.36,64.0,4,4,-20.849999999999994,-0.19568277803847953,-119.94999999999993,-0.1109302605173354,42.75000000000001,0.9953434225844008,64.7
MARSHALL,2024-07-01,70.32000000000001,1242.0,115.0,9,16,-71.58000000000003,-0.5044397463002115,-1867.8100000000004,-0.6006186873153023,-477.99999999999994,-0.8717537204552086,86.06333333333335
FAYETTE,2024-07-01,66.1,982.13,52.0,6,7,30.749999999999993,0.8698727015558696,2.8799999999999955,0.0029410262956344095,59.55,9.091603053435115,35.75
O'BRIEN,2024-07-01,65.97,683.19,47.0,5,10,27.52000000000001,0.7157347204161253,-363.78999999999996,-0.34746604519666086,-9.25,-0.12297261366657804,36.673333333333325
BREMER,2024-07-01,57.98999999999999,1207.01,82.0,8,17,21.939999999999984,0.6085991678224683,717.0999999999999,1.4637382376354837,56.539999999999985,38.993103448275846,164.1966666666667
POWESHIEK,2024-07-01,53.319999999999986,1584.77,78.0,10,14,40.59999999999999,3.1918238993710686,1131.12,2.493375950622726,18.429999999999986,0.5282315849813696,33.169999999999995
JEFFERSON,2024-07-01,53.1,1610.7,42.0,2,2,49.6,14.171428571428573,1366.8400000000001,5.605019273353564,52.050000000000004,49.57142857142858,19.133333333333333
WEBSTER,2024-07-01,51.519999999999996,1460.4299999999998,91.0,9,13,-16.429999999999993,-0.24179543782192783,-1081.7000000000007,-0.4255093169900833,-11.829999999999998,-0.1867403314917127,198.82000000000002
WARREN,2024-07-01,50.49999999999998,2511.9600000000005,241.0,13,20,40.81999999999998,4.216942148760329,1027.3800000000003,0.6920341106575598,-87.64000000000004,-0.6344288403069352,48.376666666666644
PALO ALTO,2024-07-01,44.599999999999994,604.77,62.0,4,4,41.39999999999999,12.937499999999996,312.41999999999996,1.0686505900461774,41.349999999999994,12.72307692307692,26.48333333333333
MADISON,2024-07-01,40.44,919.64,71.0,4,8,36.62,9.586387434554974,724.66,3.7165863165452864,37.39,12.259016393442623,15.726666666666667
DES MOINES,2024-07-01,39.720000000000006,1886.56,211.0,12,20,-5.59999999999998,-0.1235657546337154,742.24,0.6486297539149889,-18.329999999999984,-0.31576227390180855,33.57
SIOUX,2024-07-01,37.14999999999999,761.93,40.0,5,5,-35.900000000000006,-0.4914442162902123,-220.6500000000001,-0.2245618677359605,-44.3,-0.5438919582565992,39.36666666666667
WASHINGTON,2024-07-01,37.1,1038.48,46.0,8,13,-1096.7,-0.967278179573117,-7828.540000000001,-0.8828828625626197,-90.15,-0.7084479371316307,404.21666666666664
APPANOOSE,2024-07-01,34.55,553.86,61.0,3,4,34.4,229.3333333333333,321.65999999999997,1.3852713178294571,33.75,42.1875,22.666666666666668
UNION,2024-07-01,33.05,413.7,21.0,2,4,32.25,40.3125,364.41999999999996,7.394886363636362,32.75,109.16666666666667,12.733333333333333
CLARKE,2024-07-01,31.05,1405.07,98.0,4,6,27.28,7.23607427055703,1158.29,4.693613745036064,-2.900000000000002,-0.08541973490427104,33.70666666666666
MONONA,2024-07-01,25.970000000000002,343.56,116.0,6,9,22.070000000000004,5.65897435897436,169.46,0.973348650201034,20.57,3.809259259259259,11.290000000000001
HENRY,2024-07-01,23.60000000000001,950.38,160.0,7,7,-10.519999999999989,-0.30832356389214505,647.26,2.135325943520718,23.000000000000007,38.33333333333335,25.013333333333335
BENTON,2024-07-01,13.05,276.19,16.0,6,13,5.450000000000001,0.7171052631578949,26.400000000000006,0.10568877857400219,4.780000000000001,0.5779927448609433,21.71666666666667
MARION,2024-07-01,10.299999999999999,659.14,43.0,6,8,-102.9,-0.9090106007067138,-867.2900000000003,-0.5681819670734984,-58.249999999999986,-0.849744711889132,42.6
BUCHANAN,2024-07-01,9.25,306.41,15.0,4,10,-41.949999999999996,-0.8193359375,-877.9399999999998,-0.7412842487440368,7.2,3.51219512195122,20.166666666666664
MUSCATINE,2024-07-01,9.219999999999999,635.3900000000001,65.0,9,17,-16.38000000000001,-0.6398437500000002,-839.71,-0.5692563216053149,-54.02,-0.8542061986084757,14.326666666666668
VAN BUREN,2024-07-01,8.5,70.52,8.0,1,2,8.45,168.99999999999997,63.019999999999996,8.402666666666667,,,3.1
DELAWARE,2024-07-01,8.399999999999999,713.3499999999999,78.0,4,4,4.399999999999999,1.0999999999999996,590.3899999999999,4.80148015614834,7.649999999999999,10.199999999999998,26.149999999999995
HARRISON,2024-07-01,7.85,266.78,17.0,5,7,4.5,1.3432835820895521,-189.3,-0.4150587616207683,4.85,1.6166666666666665,7.683333333333333
TAMA,2024-07-01,7.85,238.05,7.0,3,4,4.199999999999999,1.150684931506849,-271.34999999999997,-0.5326855123674912,6.5,4.814814814814815,109.02333333333333
PLYMOUTH,2024-07-01,7.82,188.47,25.0,4,5,-0.27999999999999936,-0.03456790123456782,-41.400000000000006,-0.18010179666768175,-120.78000000000003,-0.9391912908242613,46.47333333333333
GREENE,2024-07-01,7.3999999999999995,654.9200000000001,58.0,5,7,6.8999999999999995,13.799999999999999,229.22000000000008,0.5384543105473341,6.8,11.333333333333334,2.6999999999999997
JASPER,2024-07-01,7.1,880.3000000000001,39.0,9,14,-36.01999999999999,-0.835343228200371,-876.07,-0.4987958118164168,-6.220000000000001,-0.466966966966967,32.75333333333332
MAHASKA,2024-07-01,7.05,424.82,17.0,5,9,-62.27000000000001,-0.8982977495672245,-808.0700000000002,-0.6554274915037027,-62.05,-0.8979739507959479,37.223333333333336
POCAHONTAS,2024-07-01,6.550000000000001,367.61,55.0,2,3,5.9,9.076923076923077,164.21,0.8073254670599803,4.750000000000001,2.6388888888888893,2.45
JACKSON,2024-07-01,6.22,132.12,27.0,2,2,-32.48,-0.8392764857881138,-791.37,-0.8569340220251438,4.27,2.1897435897435895,15.223333333333331
KOSSUTH,2024-07-01,5.85,125.75999999999999,8.0,3,4,1.0,0.2061855670103093,-793.5500000000001,-0.8632017491379405,-31.65,-0.844,22.583333333333332
WAPELLO,2024-07-01,5.65,891.59,80.0,9,10,-1.54,-0.21418636995827536,104.47000000000003,0.13272436223193418,-144.42000000000002,-0.9623509029119743,148.13666666666668
SHELBY,2024-07-01,5.12,126.92999999999999,7.0,1,2,3.15,1.5989847715736039,-118.62000000000002,-0.48307880268784364,-75.07999999999998,-0.9361596009975062,2.763333333333333
IDA,2024-07-01,4.8999999999999995,261.36,8.0,3,4,4.1499999999999995,5.533333333333332,220.12,5.337536372453928,4.8,47.99999999999999,2.4166666666666665
BUENA VISTA,2024-07-01,4.8,92.57000000000001,6.0,2,3,4.75,95.0,82.67,8.35050505050505,-0.8999999999999995,-0.1578947368421052,3.183333333333333
PAGE,2024-07-01,3.8,323.78000000000003,8.0,3,6,-0.7500000000000009,-0.164835164835165,-76.07999999999998,-0.19026659330765763,1.9999999999999998,1.111111111111111,6.300000000000001
CLAYTON,2024-07-01,3.45,293.0,13.0,5,6,-4.999999999999999,-0.5917159763313609,-138.79000000000002,-0.3214293985502212,-6.7200000000000015,-0.6607669616519174,4.75
GUTHRIE,2024-07-01,3.42,112.42999999999999,8.0,4,5,-33.779999999999994,-0.9080645161290322,-462.65000000000003,-0.8044967656673854,3.37,67.39999999999999,16.073333333333334
ALLAMAKEE,2024-07-01,3.4,195.77,12.0,4,5,-133.85,-0.9752276867030965,-829.6300000000001,-0.809079383655159,-166.17,-0.9799492834817479,66.27333333333333
WINNESHIEK,2024-07-01,3.35,92.38,7.0,3,5,-0.1499999999999999,-0.04285714285714283,-57.620000000000005,-0.3841333333333334,3.3000000000000003,66.0,215.40666666666667
BOONE,2024-07-01,3.15,169.63,8.0,5,7,-40.14,-0.9272349272349273,-968.7900000000001,-0.8509952390154776,-50.15,-0.9409005628517824,16.919999999999998
HUMBOLDT,2024-07-01,2.8,254.7,46.0,2,2,2.75,55.0,177.29999999999998,2.2906976744186043,-3.0999999999999996,-0.5254237288135593,1.6066666666666667
HOWARD,2024-07-01,2.6,231.34,8.0,2,5,0.6500000000000001,0.3333333333333334,-48.71000000000001,-0.17393322620960544,2.5,25.0,1.8166666666666664
HARDIN,2024-07-01,2.35,286.15,33.0,2,3,-21.099999999999998,-0.8997867803837952,-248.73000000000002,-0.4650201914448101,1.55,1.9375,22.216666666666665
CEDAR,2024-07-01,2.0,250.48000000000002,24.0,2,2,1.75,7.0,97.38000000000002,0.636054866100588,-1.5,-0.42857142857142855,2.94
WRIGHT,2024-07-01,1.85,309.6,37.0,2,2,-3.9499999999999997,-0.6810344827586207,19.24000000000001,0.06626257060201132,0.8500000000000001,0.8500000000000001,4.499999999999999
MILLS,2024-07-01,1.6,223.69,10.0,3,6,-4.039999999999999,-0.7163120567375886,-587.1599999999999,-0.7241290004316457,-6.449999999999999,-0.8012422360248448,4.930000000000001
AUDUBON,2024-07-01,1.35,103.64,13.0,1,2,-3.85,-0.7403846153846154,-130.20000000000005,-0.5567909681833734,1.3,26.0,2.4000000000000004
BUTLER,2024-07-01,1.2,154.8,24.0,1,1,0.07999999999999985,0.07142857142857129,120.24000000000001,3.4791666666666665,0.29999999999999993,0.33333333333333326,1.04
MONTGOMERY,2024-07-01,0.8999999999999999,275.1,18.0,1,2,-1.15,-0.5609756097560976,-305.14,-0.5258858403419274,-1.15,-0.5609756097560976,1.4833333333333332
FREMONT,2024-07-01,0.8,111.15,2.0,2,2,-1.02,-0.5604395604395604,-5.730000000000004,-0.04902464065708422,0.65,4.333333333333333,1.4733333333333334
CHEROKEE,2024-07-01,0.8,98.99,2.0,2,2,-30.75,-0.9746434231378763,-288.90999999999997,-0.7448053622067543,-0.3999999999999999,-0.33333333333333326,31.516666666666666
ADAMS,2024-07-01,0.75,26.99,1.0,1,1,-4.15,-0.8469387755102041,-260.74,-0.9061967817050707,-0.6000000000000001,-0.4444444444444445,2.1333333333333333
CHICKASAW,2024-07-01,0.75,13.34,1.0,1,1,-30.75,-0.9761904761904762,-195.1,-0.9360007676069853,-0.75,-0.5,22.416666666666668
CALHOUN,2024-07-01,0.75,44.25,1.0,1,1,-51.75,-0.9857142857142858,-473.25,-0.9144927536231884,0.7,13.999999999999998,18.016666666666666
HAMILTON,2024-07-01,0.15000000000000002,168.11,3.0,3,3,-34.58999999999999,-0.9956822107081175,-352.55000000000007,-0.6771213459839435,-2.85,-0.9500000000000001,13.536666666666662
ADAIR,2024-07-01,0.15,39.39,3.0,1,1,-0.75,-0.8333333333333333,-0.35999999999999943,-0.009056603773584892,-86.55,-0.9982698961937716,0.6166666666666667
GRUNDY,2024-07-01,0.1,154.8,2.0,1,1,0.05,1.0,77.4,1.0,-0.77,-0.8850574712643678,0.06666666666666667
OSCEOLA,2024-07-01,0.05,13.31,1.0,1,1,-0.7,-0.9333333333333332,2.0600000000000005,0.18311111111111117,-1.45,-0.9666666666666667,0.39000000000000007
WINNEBAGO,2024-07-01,0.05,38.7,1.0,1,1,-0.6,-0.923076923076923,-53.19,-0.5788442703232125,-1.7,-0.9714285714285714,1.0833333333333333
POLK,2024-08-01,3880.5700000000006,76850.3899999998,4640.0,129,167,-79.7800000000002,-0.02014468418195366,-331.7200000000885,-0.004297887165822352,-40.110000000004675,-0.010230368201435623,3351.8600000000006
CLINTON,2024-08-01,1555.9499999999998,28329.100000000002,1270.0,13,21,1323.1299999999999,5.683059874581221,23463.500000000004,4.822324071029268,1167.6299999999997,3.006875772558713,654.4133333333333
LINN,2024-08-01,1522.9799999999977,28072.240000000034,1578.0,56,81,-1379.2000000000035,-0.47522896581190793,-12102.82999999998,-0.3012522442400219,-210.80999999999972,-0.12158911978959391,1803.3066666666662
SCOTT,2024-08-01,873.3499999999995,17165.710000000006,1570.0,38,71,-183.91999999999916,-0.17395745646807287,-117.96999999999389,-0.0068255140109047315,436.109999999999,0.9974156069892931,841.1899999999993
POTTAWATTAMIE,2024-08-01,772.5600000000002,21019.640000000014,1379.0,23,59,518.6700000000001,2.0428925912796876,12595.830000000016,1.4952652065989167,-114.1899999999996,-0.1287736115026779,401.7966666666668
BLACK HAWK,2024-08-01,638.6999999999995,11228.56,577.0,26,60,8.80999999999949,0.01398656908348996,-3824.1600000000035,-0.2540510950844766,-2160.170000000003,-0.7718007624505608,598.9433333333332
CERRO GORDO,2024-08-01,420.62000000000006,10280.639999999996,467.0,12,33,272.06000000000006,1.8313139472267097,7894.689999999997,3.3088245772124307,-557.8199999999997,-0.5701116062303256,239.7966666666667
WOODBURY,2024-08-01,295.3100000000002,9025.7,444.0,16,28,-106.59000000000009,-0.2652152276685743,-3634.0499999999956,-0.2870554315843517,-67.06,-0.185059469602892,431.64333333333343
DALLAS,2024-08-01,276.25000000000006,8459.179999999998,345.0,16,26,-248.21999999999974,-0.4732777851926704,-7064.7800000000025,-0.4550887788940452,-645.3299999999997,-0.700243060830313,485.6899999999999
LEE,2024-08-01,273.1900000000001,7502.869999999998,259.0,8,22,-459.2799999999997,-0.6270290933417065,19.239999999997963,0.0025709448489567178,197.1300000000001,2.591769655535105,348.71
MARION,2024-08-01,212.82,4168.95,138.0,4,5,202.51999999999998,19.662135922330098,3509.81,5.324832357314076,47.849999999999966,0.2900527368612472,112.10666666666667
SIOUX,2024-08-01,211.77,1775.4300000000003,135.0,5,5,174.62,4.700403768506058,1013.5000000000003,1.3301746879634617,89.50000000000001,0.7319865870614216,107.32333333333334
JOHNSON,2024-08-01,202.6200000000001,8103.439999999998,659.0,30,45,-302.9200000000003,-0.599200854531788,-1756.6200000000035,-0.17815510250444758,-210.7700000000003,-0.5098575195336126,382.3000000000002
DUBUQUE,2024-08-01,154.99,1804.26,114.0,10,17,-721.3999999999999,-0.8231495110624265,-12674.159999999996,-0.8753828111078419,-12.099999999999994,-0.0724160631994733,444.2733333333333
STORY,2024-08-01,146.92000000000007,4131.2,291.0,21,32,-99.56999999999991,-0.40395147876181553,-4124.569999999999,-0.49959846265097013,-1374.639999999999,-0.9034412050789977,167.20000000000002
SHELBY,2024-08-01,115.8,861.3,72.0,3,4,110.67999999999999,21.617187499999996,734.37,5.785629874734106,113.7,54.14285714285714,40.96333333333333
WAPELLO,2024-08-01,113.19999999999999,2843.2700000000004,150.0,8,14,107.54999999999998,19.035398230088493,1951.6800000000003,2.1889882120705706,107.50999999999999,18.894551845342704,42.01333333333333
DES MOINES,2024-08-01,103.68999999999998,3795.98,255.0,16,34,63.96999999999998,1.6105236656596165,1909.42,1.0121172928504794,95.07,11.029002320185617,62.90999999999999
CHICKASAW,2024-08-01,95.25,733.5,55.0,1,2,94.5,126.0,720.16,53.985007496251875,63.65,2.0142405063291138,42.5
JASPER,2024-08-01,95.05,2424.79,160.0,8,12,87.95,12.387323943661972,1544.4899999999998,1.7545041463137563,67.47,2.446337926033357,48.423333333333325
SAC,2024-08-01,94.1,1271.21,78.0,5,5,8.399999999999991,0.09801633605600923,309.85,0.32230381958891574,61.599999999999994,1.8953846153846152,95.45
CRAWFORD,2024-08-01,86.92,2718.54,87.0,3,5,13.920000000000002,0.19068493150684934,-298.7999999999997,-0.09902762035435177,85.92,85.92,58.946666666666665
CHEROKEE,2024-08-01,85.5,1088.7800000000002,50.0,2,4,84.7,105.875,989.7900000000002,9.998888776644108,80.7,16.8125,39.28333333333333
BREMER,2024-08-01,49.69999999999999,840.54,76.0,2,13,-8.29,-0.14295568201414038,-366.47,-0.3036180313336261,46.44999999999999,14.29230769230769,47.91333333333333
PLYMOUTH,2024-08-01,48.449999999999996,1236.59,203.0,7,10,40.629999999999995,5.195652173913043,1048.12,5.561203374542367,45.779999999999994,17.146067415730336,21.456666666666663
WARREN,2024-08-01,41.599999999999994,1649.1999999999998,123.0,11,14,-8.899999999999984,-0.176237623762376,-862.7600000000007,-0.343460883135082,-488.29999999999984,-0.9214946216267219,33.926666666666655
WINNESHIEK,2024-08-01,41.25,1242.22,49.0,5,12,37.9,11.313432835820894,1149.8400000000001,12.446849967525441,24.259999999999998,1.4278987639788108,16.033333333333335
PALO ALTO,2024-08-01,38.849999999999994,443.65999999999997,29.0,3,4,-5.75,-0.1289237668161435,-161.11,-0.26639879623658586,-2.1000000000000085,-0.05128205128205149,28.88333333333333
HENRY,2024-08-01,38.24999999999999,1126.0,81.0,3,4,14.649999999999984,0.6207627118644059,175.62,0.1847892421978577,-30.85,-0.4464544138929089,31.99
POWESHIEK,2024-08-01,36.15,440.15999999999997,41.0,7,9,-17.169999999999987,-0.3220180045011251,-1144.6100000000001,-0.7222562264555741,32.68,9.417867435158502,34.06333333333333
MUSCATINE,2024-08-01,35.330000000000005,1291.8400000000001,268.0,12,21,26.110000000000007,2.831887201735359,656.45,1.0331449975605533,-2.1099999999999923,-0.05635683760683741,23.383333333333336
ALLAMAKEE,2024-08-01,35.199999999999996,403.77,32.0,5,7,31.799999999999997,9.352941176470587,207.99999999999997,1.0624712673034682,33.349999999999994,18.027027027027025,58.61666666666667
IOWA,2024-08-01,33.4,756.6899999999999,42.0,4,5,-83.44999999999999,-0.714163457424048,-1242.5500000000002,-0.6215111742462136,29.75,8.15068493150685,50.41666666666666
HARDIN,2024-08-01,32.9,379.79999999999995,32.0,4,4,30.549999999999997,12.999999999999998,93.64999999999998,0.32727590424602476,29.549999999999997,8.820895522388058,19.566666666666666
DICKINSON,2024-08-01,28.95000000000001,1408.7099999999998,68.0,6,17,-292.3900000000001,-0.9099085081222382,-4484.110000000001,-0.7609446750452246,-265.40000000000003,-0.9016476983183286,185.17000000000004
CARROLL,2024-08-01,27.970000000000002,876.8599999999999,46.0,5,9,-2145.4800000000005,-0.9871310589155491,-21078.350000000006,-0.9600614159463744,16.570000000000004,1.453508771929825,736.1733333333333
MADISON,2024-08-01,27.8,251.99,38.0,2,3,-12.639999999999997,-0.31256181998021754,-667.65,-0.7259906050193554,27.75,555.0,24.02
POCAHONTAS,2024-08-01,27.0,324.0,36.0,1,1,20.45,3.1221374045801524,-43.610000000000014,-0.11863115802072852,25.75,20.6,11.4
BOONE,2024-08-01,15.600000000000001,405.12,154.0,5,7,12.450000000000001,3.952380952380953,235.49,1.3882567941991395,-8.560000000000002,-0.35430463576158944,20.68
JACKSON,2024-08-01,14.950000000000001,410.25,51.0,3,5,8.73,1.4035369774919615,278.13,2.105131698455949,13.350000000000001,8.34375,19.956666666666667
JEFFERSON,2024-08-01,8.05,468.46999999999997,44.0,3,6,-45.05,-0.8483992467043314,-1142.23,-0.7091513006767244,6.9,6.000000000000001,21.55
HAMILTON,2024-08-01,7.869999999999999,459.65999999999997,42.0,6,8,7.719999999999999,51.466666666666654,291.54999999999995,1.7342811254535717,6.669999999999999,5.558333333333333,14.253333333333329
WINNEBAGO,2024-08-01,7.8,285.82,13.0,3,6,7.75,155.0,247.12,6.3855297157622735,-7.700000000000002,-0.49677419354838714,2.8333333333333335
FAYETTE,2024-08-01,7.199999999999999,522.1800000000001,40.0,7,8,-58.89999999999999,-0.8910741301059001,-459.94999999999993,-0.46831885799232276,-13.45,-0.6513317191283293,36.21666666666666
WASHINGTON,2024-08-01,7.0,735.83,24.0,7,10,-30.1,-0.8113207547169812,-302.65,-0.2914355596641245,-122.64999999999998,-0.9460084843810258,392.63333333333327
MARSHALL,2024-08-01,6.54,608.4899999999999,27.0,5,12,-63.78000000000001,-0.9069965870307167,-633.5100000000001,-0.510072463768116,-259.03,-0.9753737244417667,72.92
CLAYTON,2024-08-01,6.1499999999999995,229.04000000000002,9.0,3,5,2.6999999999999993,0.7826086956521736,-63.95999999999998,-0.2182935153583617,-44.800000000000004,-0.8792934249263985,6.016666666666666
MITCHELL,2024-08-01,5.8999999999999995,384.4,30.0,4,4,5.3,8.833333333333334,297.28,3.412304866850321,,,2.4166666666666665
BUENA VISTA,2024-08-01,5.800000000000001,425.90999999999997,33.0,5,9,1.0000000000000009,0.20833333333333354,333.34,3.600950631954196,-261.19,-0.9782763399378254,3.5500000000000003
AUDUBON,2024-08-01,5.25,197.79999999999998,10.0,2,3,3.9,2.888888888888889,94.15999999999998,0.9085295252798146,4.5,6.0,3.9333333333333336
FLOYD,2024-08-01,5.0600000000000005,174.70000000000002,25.0,4,5,-103.03999999999996,-0.9531914893617021,-1841.96,-0.913371614451618,3.7600000000000007,2.892307692307693,55.65333333333333
BENTON,2024-08-01,4.8,128.25,7.0,5,7,-8.25,-0.632183908045977,-147.94,-0.535645751113364,-0.9000000000000004,-0.1578947368421053,8.483333333333333
HUMBOLDT,2024-08-01,4.0,229.5,31.0,3,5,1.2000000000000002,0.42857142857142866,-25.19999999999999,-0.09893992932862186,3.8,18.999999999999996,2.283333333333333
HARRISON,2024-08-01,3.62,518.82,11.0,4,7,-4.2299999999999995,-0.5388535031847134,252.04000000000008,0.9447484818951949,-5.849999999999999,-0.6177402323125659,4.94
GUTHRIE,2024-08-01,3.5900000000000003,78.58,11.0,3,2,0.17000000000000037,0.049707602339181395,-33.849999999999994,-0.30107622520679533,0.9900000000000002,0.38076923076923086,14.736666666666666
BUTLER,2024-08-01,3.42,129.25,8.0,3,3,2.2199999999999998,1.8499999999999999,-25.55000000000001,-0.16505167958656336,2.57,3.023529411764706,1.9133333333333333
LYON,2024-08-01,3.2700000000000005,241.39,19.0,4,6,-121.63,-0.9738190552441954,-1347.1100000000001,-0.8480390305319485,-6.679999999999999,-0.671356783919598,43.43
MONONA,2024-08-01,3.25,168.84,11.0,2,8,-22.720000000000002,-0.8748556026184059,-174.72,-0.508557457212714,0.8500000000000001,0.35416666666666674,11.040000000000001
PAGE,2024-08-01,2.85,313.84,29.0,5,7,-0.9499999999999997,-0.24999999999999994,-9.940000000000055,-0.030699857928223034,2.05,2.5624999999999996,3.733333333333334
WEBSTER,2024-08-01,2.82,277.54,9.0,7,7,-48.699999999999996,-0.9452639751552795,-1182.8899999999999,-0.8099600802503373,-85.07999999999998,-0.9679180887372014,40.76333333333333
BUCHANAN,2024-08-01,2.8,68.81,4.0,3,4,-6.45,-0.6972972972972973,-237.60000000000002,-0.7754316112398421,-2.2,-0.44000000000000006,21.083333333333332
MILLS,2024-08-01,2.7,559.71,36.0,2,7,1.1,0.6875,336.02000000000004,1.502168179176539,1.9000000000000001,2.375,3.313333333333334
ADAIR,2024-08-01,2.5700000000000003,285.4,19.0,4,4,2.4200000000000004,16.133333333333336,246.01,6.245493780147245,2.3200000000000003,9.280000000000001,1.2066666666666668
MAHASKA,2024-08-01,2.5,84.71,3.0,3,3,-4.55,-0.6453900709219859,-340.11,-0.8005979002871805,-3.05,-0.5495495495495495,26.290000000000003
EMMET,2024-08-01,2.45,171.37,23.0,3,4,1.5500000000000003,1.7222222222222225,59.97,0.5383303411131058,-29.950000000000006,-0.9243827160493827,36.949999999999996
TAYLOR,2024-08-01,2.4,309.6,48.0,1,1,0.1499999999999999,0.06666666666666662,273.6,7.6000000000000005,,,2.3333333333333335
GREENE,2024-08-01,2.0,123.78999999999999,7.0,3,4,-5.3999999999999995,-0.7297297297297297,-531.1300000000001,-0.8109845477310207,1.25,1.6666666666666667,3.2999999999999994
UNION,2024-08-01,2.0,173.43,13.0,2,3,-31.049999999999997,-0.9394856278366112,-240.26999999999998,-0.5807831762146483,1.7,5.666666666666666,11.949999999999998
CEDAR,2024-08-01,1.87,15.0,5.0,1,1,-0.1299999999999999,-0.06499999999999995,-235.48000000000002,-0.9401149792398594,0.8700000000000001,0.8700000000000001,1.3733333333333333
CLAY,2024-08-01,1.85,104.99,10.0,3,5,-135.10000000000002,-0.98649142022636,-1582.86,-0.9377966051485618,-0.8500000000000001,-0.3148148148148148,84.15
DECATUR,2024-08-01,1.6,144.0,16.0,1,1,-1.35,-0.4576271186440678,-421.66999999999996,-0.7454346173564091,,,2.35
KOSSUTH,2024-08-01,1.45,178.64000000000001,26.0,2,3,-4.3999999999999995,-0.7521367521367521,52.880000000000024,0.4204834605597967,1.4,27.999999999999996,4.05
TAMA,2024-08-01,1.25,221.38,11.0,4,4,-6.6,-0.8407643312101911,-16.670000000000016,-0.07002730518798578,-9.320000000000002,-0.8817407757805109,4.25
FREMONT,2024-08-01,0.95,223.05,5.0,2,4,0.1499999999999999,0.1874999999999999,111.9,1.0067476383265856,0.29999999999999993,0.4615384615384614,1.1900000000000002
O'BRIEN,2024-08-01,0.85,175.65,3.0,3,3,-65.12,-0.9871153554646052,-507.5400000000001,-0.7428972906512098,-6.430000000000001,-0.8832417582417583,35.089999999999996
JONES,2024-08-01,0.85,84.6,3.0,2,3,-146.19000000000003,-0.9942192600652884,-1160.21,-0.9320378210329288,-38.24999999999999,-0.9782608695652174,50.43000000000001
DELAWARE,2024-08-01,0.85,43.0,3.0,2,3,-7.549999999999999,-0.8988095238095238,-670.3499999999999,-0.9397210345552673,0.04999999999999993,0.06249999999999992,4.416666666666666
MONROE,2024-08-01,0.8,154.88,16.0,1,1,0.050000000000000044,0.06666666666666672,109.88,2.441777777777778,-0.5,-0.3846153846153846,2.9000000000000004
APPANOOSE,2024-08-01,0.75,17.0,1.0,1,1,-33.8,-0.9782923299565847,-536.86,-0.9693063228974831,0.15000000000000002,0.25000000000000006,11.816666666666665
RINGGOLD,2024-08-01,0.75,44.25,1.0,1,1,-2.95,-0.7972972972972973,-450.01,-0.9104722210982075,,,1.5166666666666668
GRUNDY,2024-08-01,0.75,69.21,1.0,1,1,0.65,6.5,-85.59000000000002,-0.5529069767441861,-2.47,-0.767080745341615,0.3
OSCEOLA,2024-08-01,0.75,67.64,1.0,1,1,0.7,13.999999999999998,54.33,4.081893313298272,0.15000000000000002,0.25000000000000006,0.5166666666666667
IDA,2024-08-01,0.75,20.25,1.0,1,1,-4.1499999999999995,-0.846938775510204,-241.11,-0.9225206611570248,-5.1,-0.8717948717948718,2.1333333333333333
CLARKE,2024-08-01,0.75,52.5,1.0,1,1,-30.3,-0.9758454106280193,-1352.57,-0.9626353135430975,-31.75,-0.9769230769230769,11.856666666666667
ADAMS,2024-08-01,0.6,77.4,12.0,1,1,-0.15000000000000002,-0.20000000000000004,50.41000000000001,1.8677287884401634,0.39999999999999997,1.9999999999999998,2.0833333333333335
WRIGHT,2024-08-01,0.5,88.7,10.0,1,1,-1.35,-0.7297297297297297,-220.90000000000003,-0.7135012919896642,-4.6,-0.9019607843137255,2.716666666666667
MONTGOMERY,2024-08-01,0.25,141.66,5.0,2,2,-0.6499999999999999,-0.7222222222222222,-133.44000000000003,-0.4850599781897492,-1.65,-0.868421052631579,1.0666666666666667
CASS,2024-08-01,0.15000000000000002,42.260000000000005,3.0,2,3,-93.52,-0.9983986335005871,-2029.61,-0.9796029673676437,-28.45,-0.9947552447552448,32.10666666666667
WORTH,2024-08-01,0.15,21.93,3.0,1,1,-9.05,-0.983695652173913,-413.11,-0.9495908422214049,-33.6,-0.9955555555555556,17.116666666666667
HOWARD,2024-08-01,0.05,18.0,1.0,1,1,-2.5500000000000003,-0.9807692307692308,-213.34,-0.9221924440217861,-254.35,-0.9998034591194969,1.5333333333333332
FRANKLIN,2024-08-01,0.05,77.4,1.0,1,1,-43.25000000000001,-0.9988452655889146,-492.82000000000005,-0.8642629160674827,-3.95,-0.9875,14.516666666666667
WAYNE,2024-08-01,0.05,77.4,1.0,1,1,-0.05,-0.5,-77.4,-0.5,-0.7,-0.9333333333333332,0.3
POLK,2024-09-01,3509.350000000004,68628.91,4885.0,117,156,-371.2199999999966,-0.09566120441069136,-8221.479999999792,-0.10698032892220605,-656.7000000000044,-0.15763132943675737,3783.4233333333354
LINN,2024-09-01,2291.6300000000024,25904.34000000002,1866.0,48,87,768.6500000000046,0.5047013092752405,-2167.900000000016,-0.077225757545533,716.4700000000048,0.45485537977094764,2238.9300000000003
DALLAS,2024-09-01,1783.0499999999995,35822.85,1570.0,15,23,1506.7999999999995,5.454479638009047,27363.67,3.23478989689308,-131.6500000000001,-0.06875750770355675,861.2566666666665
SCOTT,2024-09-01,1073.449999999999,21468.22,1705.0,38,71,200.09999999999945,0.22911776492814975,4302.509999999995,0.25064561850339967,392.42999999999915,0.5762385833015172,1001.3566666666657
DUBUQUE,2024-09-01,880.9299999999997,10752.359999999997,706.0,23,39,725.9399999999997,4.683786050712947,8948.099999999997,4.959429350537061,607.2899999999996,2.2193027335184894,637.4366666666665
POTTAWATTAMIE,2024-09-01,853.1499999999999,13550.28,963.0,28,48,80.58999999999969,0.10431552241897027,-7469.360000000013,-0.35535147129065997,291.29999999999995,0.5184657826822106,626.5333333333334
WEBSTER,2024-09-01,852.1999999999998,9371.399999999998,566.0,8,11,849.3799999999998,301.1985815602836,9093.859999999997,32.76594364776247,787.5799999999998,12.187867533271435,302.17999999999995
JOHNSON,2024-09-01,554.2199999999997,14453.010000000002,700.0,31,45,351.59999999999957,1.7352679893396477,6349.570000000004,0.7835647576831575,-301.83000000000015,-0.3525845452952517,420.79333333333335
STORY,2024-09-01,541.12,15617.749999999998,491.0,16,23,394.19999999999993,2.683092839640619,11486.55,2.7804390975987605,-25.449999999999932,-0.04491942743173824,311.51000000000005
BLACK HAWK,2024-09-01,508.1400000000004,11594.980000000003,872.0,36,60,-130.5599999999991,-0.20441521841239893,366.4200000000037,0.032632857641585716,-1552.409999999998,-0.7533959379777241,592.2433333333332
CLINTON,2024-09-01,322.5500000000002,6832.059999999999,383.0,15,27,-1233.3999999999996,-0.7926989941836176,-21497.040000000005,-0.7588324373171051,80.04000000000016,0.3300482454331787,703.7733333333332
CHEROKEE,2024-09-01,266.1,3009.1499999999996,179.0,3,7,180.60000000000002,2.1122807017543863,1920.3699999999994,1.7637814801888343,263.48,100.56488549618321,117.46666666666668
MADISON,2024-09-01,253.9,2144.16,182.0,2,3,226.1,8.133093525179856,1892.1699999999998,7.508909083693797,249.95000000000002,63.278481012658226,107.38
WOODBURY,2024-09-01,176.3900000000001,5415.069999999998,264.0,20,26,-118.92000000000007,-0.402695472554265,-3610.630000000003,-0.4000387781557112,-62.62999999999994,-0.2620282821521209,291.2000000000002
CARROLL,2024-09-01,162.57,2184.4300000000003,171.0,8,12,134.6,4.812298891669646,1307.5700000000004,1.4911958579476776,-421.37999999999994,-0.7216028769586437,787.9966666666668
FAYETTE,2024-09-01,139.55,2041.26,83.0,5,7,132.35000000000002,18.38194444444445,1519.08,2.909111800528553,35.70000000000002,0.34376504573904687,70.95
PLYMOUTH,2024-09-01,134.10000000000002,2357.9799999999996,208.0,5,8,85.65000000000003,1.7678018575851402,1121.3899999999996,0.9068405858045105,126.53000000000003,16.714663143989434,63.45666666666667
DICKINSON,2024-09-01,117.94999999999999,1969.8000000000004,130.0,7,15,88.99999999999997,3.074265975820378,561.0900000000006,0.39830057286453613,-1990.1000000000001,-0.9440478167026398,156.08
CLAY,2024-09-01,110.46999999999998,1752.1000000000001,86.0,3,11,108.61999999999999,58.713513513513504,1647.1100000000001,15.688256024383277,13.719999999999985,0.1418087855297156,83.08999999999999
CERRO GORDO,2024-09-01,104.04999999999995,5397.86,216.0,12,20,-316.5700000000001,-0.7526270743188628,-4882.779999999996,-0.4749490304105579,-454.47,-0.8137040750555039,224.41
WARREN,2024-09-01,88.8,2653.2999999999997,224.0,11,21,47.2,1.1346153846153848,1004.0999999999999,0.6088406500121271,-5.249999999999986,-0.055821371610845154,60.29999999999999
MARION,2024-09-01,71.07,2666.03,104.0,5,10,-141.75,-0.6660558218212574,-1502.9199999999996,-0.3605032442221662,-185.53000000000003,-0.7230319563522993,98.06333333333333
WRIGHT,2024-09-01,61.6,913.53,73.0,3,3,61.1,122.2,824.8299999999999,9.299098083427282,28.75,0.8751902587519026,21.316666666666666
BREMER,2024-09-01,52.5,311.4,30.0,1,1,2.8000000000000114,0.05633802816901433,-529.14,-0.6295238775073168,48.2,11.209302325581396,53.396666666666654
LEE,2024-09-01,51.29999999999999,1693.6599999999999,143.0,10,15,-221.89000000000013,-0.8122186024378639,-5809.209999999998,-0.7742650479083337,-31.639999999999993,-0.3814805883771401,352.31999999999994
HARDIN,2024-09-01,46.49999999999999,961.2,106.0,5,5,13.599999999999994,0.41337386018237066,581.4000000000001,1.5308056872037918,12.75,0.3777777777777779,27.25
MONROE,2024-09-01,42.0,414.0,24.0,1,1,41.2,51.5,259.12,1.6730371900826446,40.4,25.249999999999996,14.516666666666666
DES MOINES,2024-09-01,39.87000000000001,1550.4299999999998,189.0,16,20,-63.81999999999997,-0.6154884752628024,-2245.55,-0.5915600187566847,-0.11999999999999034,-0.003000750187546645,61.093333333333334
GUTHRIE,2024-09-01,36.8,504.15,38.0,3,3,33.209999999999994,9.250696378830082,425.57,5.415754644947824,34.5,15.000000000000002,14.603333333333332
TAMA,2024-09-01,36.449999999999996,918.04,57.0,3,3,35.199999999999996,28.159999999999997,696.66,3.1468967386394433,4.199999999999996,0.13023255813953474,15.183333333333332
RINGGOLD,2024-09-01,36.1,699.0,50.0,1,2,35.35,47.13333333333333,654.75,14.796610169491526,,,13.516666666666667
MAHASKA,2024-09-01,34.65,644.24,31.0,3,3,32.15,12.86,559.53,6.605241411875812,-96.9,-0.7366020524515393,14.733333333333334
MARSHALL,2024-09-01,34.38999999999999,1283.5500000000002,127.0,10,20,27.849999999999994,4.258409785932721,675.0600000000003,1.109401962234384,-10.049999999999997,-0.22614761476147613,37.083333333333336
HOWARD,2024-09-01,31.87,221.25,19.0,2,2,31.82,636.4,203.25,11.291666666666666,30.07,16.705555555555556,11.506666666666668
HUMBOLDT,2024-09-01,31.849999999999998,262.83,25.0,3,4,27.849999999999998,6.9624999999999995,33.329999999999984,0.14522875816993458,20.249999999999996,1.7456896551724133,12.883333333333333
HANCOCK,2024-09-01,31.7,415.5,22.0,2,2,31.65,632.9999999999999,338.1,4.368217054263566,31.55,210.33333333333331,10.6
FRANKLIN,2024-09-01,31.5,310.5,18.0,1,1,31.45,629.0,233.1,3.0116279069767438,28.4,9.161290322580646,24.95
CALHOUN,2024-09-01,28.8,649.95,44.0,3,4,28.05,37.4,605.7,13.68813559322034,28.45,81.28571428571428,27.349999999999998
HENRY,2024-09-01,27.5,631.4399999999999,46.0,2,2,-10.749999999999993,-0.2810457516339868,-494.56000000000006,-0.4392184724689166,22.93,5.017505470459518,29.78333333333333
MUSCATINE,2024-09-01,23.10000000000001,689.6099999999999,186.0,6,15,-12.229999999999997,-0.3461647325219359,-602.2300000000002,-0.46618002229378264,-104.79999999999998,-0.8193901485535574,22.55
IOWA,2024-09-01,22.7,646.5899999999999,165.0,7,9,-10.7,-0.3203592814371257,-110.10000000000002,-0.14550212107996674,20.93,11.824858757062147,57.649999999999984
WAPELLO,2024-09-01,21.090000000000003,1843.5100000000002,146.0,8,16,-92.10999999999999,-0.8136925795053003,-999.7600000000002,-0.3516233069669782,-83.35999999999997,-0.7980852082336045,46.64666666666667
WASHINGTON,2024-09-01,15.7,1029.24,46.0,4,4,8.7,1.2428571428571427,293.40999999999997,0.3987469931913621,14.299999999999999,10.214285714285714,19.933333333333334
BUENA VISTA,2024-09-01,13.969999999999999,516.98,66.0,5,6,8.169999999999998,1.4086206896551718,91.07000000000005,0.21382451691671964,-14.530000000000001,-0.5098245614035088,8.19
BENTON,2024-09-01,8.6,296.84,12.0,4,12,3.8,0.7916666666666666,168.58999999999997,1.3145419103313838,0.6800000000000006,0.08585858585858594,8.816666666666668
JONES,2024-09-01,8.32,379.98999999999995,28.0,3,9,7.470000000000001,8.788235294117648,295.39,3.4916075650118206,-25.549999999999997,-0.7543548863300856,52.07
LYON,2024-09-01,8.17,125.27,8.0,3,3,4.8999999999999995,1.498470948012232,-116.11999999999999,-0.481047267906707,-4.480000000000002,-0.3541501976284586,45.44666666666666
MILLS,2024-09-01,8.1,419.09000000000003,12.0,4,4,5.3999999999999995,1.9999999999999998,-140.62,-0.25123724786049917,7.1499999999999995,7.526315789473684,4.133333333333334
WINNESHIEK,2024-09-01,5.57,295.45,18.0,3,7,-35.68,-0.8649696969696969,-946.77,-0.7621596818598959,-204.58000000000004,-0.9734951225315251,16.723333333333333
CLAYTON,2024-09-01,5.22,207.79,8.0,3,4,-0.9299999999999997,-0.15121951219512192,-21.25000000000003,-0.09277855396437315,-2.1799999999999997,-0.2945945945945946,4.94
CEDAR,2024-09-01,5.04,156.74,17.0,5,6,3.17,1.695187165775401,141.74,9.449333333333334,-52.11,-0.9118110236220472,2.97
POWESHIEK,2024-09-01,4.75,584.8600000000001,56.0,8,9,-31.4,-0.8686030428769018,144.70000000000016,0.32874409305707053,-15.920000000000002,-0.7701983551040155,31.406666666666663
IDA,2024-09-01,4.42,213.79,9.0,3,5,3.67,4.8933333333333335,193.54,9.557530864197531,3.07,2.2740740740740737,3.356666666666667
SIOUX,2024-09-01,4.3,538.49,22.0,5,5,-207.47,-0.9796949520706426,-1236.9400000000003,-0.6966988278895817,-55.92,-0.9285951511125873,84.40666666666668
CASS,2024-09-01,3.7,850.71,60.0,5,5,3.5500000000000003,23.666666666666664,808.45,19.130383341221012,-32.449999999999996,-0.8976486860304287,32.50666666666667
CLARKE,2024-09-01,3.57,61.17,28.0,2,3,2.82,3.76,8.670000000000002,0.16514285714285717,-108.93,-0.9682666666666667,11.79
JACKSON,2024-09-01,3.54,172.7,16.0,3,7,-11.41,-0.7632107023411371,-237.55,-0.5790371724558196,-750.8000000000001,-0.9953071559243842,8.236666666666666
EMMET,2024-09-01,3.4000000000000004,339.56,42.0,2,3,0.9500000000000002,0.38775510204081637,168.19,0.9814436599171383,-32.900000000000006,-0.90633608815427,2.25
HARRISON,2024-09-01,3.3200000000000003,280.97999999999996,19.0,3,6,-0.2999999999999998,-0.08287292817679554,-237.8400000000001,-0.45842488724413105,3.0200000000000005,10.066666666666666,4.93
BOONE,2024-09-01,3.12,441.21000000000004,15.0,4,9,-12.48,-0.7999999999999999,36.09000000000003,0.0890847156398105,1.55,0.9872611464968153,7.29
SAC,2024-09-01,3.05,110.38,5.0,2,3,-91.05,-0.9675876726886291,-1160.83,-0.9131693425948505,-2.6999999999999993,-0.4695652173913043,60.95000000000001
O'BRIEN,2024-09-01,3.0,155.68,18.0,3,5,2.15,2.5294117647058822,-19.97,-0.11369200113862794,-54.82,-0.9481148391560014,23.27333333333333
BUCHANAN,2024-09-01,2.82,152.06,8.0,2,7,0.020000000000000018,0.00714285714285715,83.25,1.2098532190088649,-30.979999999999997,-0.916568047337278,4.956666666666667
WINNEBAGO,2024-09-01,2.75,155.4,14.0,3,3,-5.05,-0.6474358974358975,-130.42,-0.4563011685676299,2.0,2.6666666666666665,3.533333333333333
JASPER,2024-09-01,2.54,136.51,11.0,4,6,-92.50999999999999,-0.973277222514466,-2288.2799999999997,-0.9437023412336738,-6.6099999999999985,-0.7224043715846994,34.89666666666667
KEOKUK,2024-09-01,2.47,133.44,17.0,3,3,-1.5299999999999998,-0.38249999999999995,101.92,3.233502538071066,-5.5,-0.6900878293601004,16.37333333333333
LUCAS,2024-09-01,2.45,309.65999999999997,14.0,2,3,-162.9,-0.9851829452676142,-4556.030000000001,-0.9363584609788129,1.1,0.8148148148148149,66.99
UNION,2024-09-01,1.9000000000000001,318.24,38.0,3,3,-0.09999999999999987,-0.04999999999999993,144.81,0.8349766476388168,-0.44999999999999996,-0.19148936170212763,12.316666666666665
AUDUBON,2024-09-01,1.9,278.61,6.0,3,4,-3.35,-0.6380952380952382,80.81000000000003,0.40854398382204266,-1.1,-0.3666666666666667,2.8333333333333335
MONTGOMERY,2024-09-01,1.8,149.34,8.0,2,4,1.55,6.2,7.680000000000007,0.054214315967810296,0.25,0.16129032258064516,0.9833333333333334
FLOYD,2024-09-01,1.75,169.95,7.0,4,5,-3.3100000000000005,-0.6541501976284585,-4.750000000000028,-0.02718946765884389,-131.39999999999998,-0.98685692827638,38.30333333333332
OSCEOLA,2024-09-01,1.75,37.28,2.0,1,2,1.0,1.3333333333333333,-30.36,-0.4488468361916026,0.6299999999999999,0.5624999999999999,0.85
MONONA,2024-09-01,1.7,146.60000000000002,6.0,4,5,-1.55,-0.47692307692307695,-22.23999999999998,-0.13172234067756444,-0.050000000000000044,-0.0285714285714286,10.306666666666667
PAGE,2024-09-01,1.6,39.0,4.0,2,2,-1.25,-0.43859649122807015,-274.84,-0.8757328575070099,-104.65,-0.9849411764705883,2.75
ALLAMAKEE,2024-09-01,1.55,71.31,3.0,3,3,-33.65,-0.9559659090909092,-332.46,-0.8233895534586522,0.050000000000000044,0.03333333333333336,13.383333333333331
,2024-09-01,1.3,428.4,26.0,1,2,-1.45,-0.5272727272727272,192.14,0.8132565817319901,,,3.0066666666666673
APPANOOSE,2024-09-01,1.2,160.2,24.0,2,2,0.44999999999999996,0.6,143.2,8.423529411764704,-5.8,-0.8285714285714285,12.166666666666666
HAMILTON,2024-09-01,0.95,160.62,5.0,3,3,-6.919999999999999,-0.8792884371029225,-299.03999999999996,-0.6505678109907322,-3.9699999999999998,-0.806910569105691,2.9899999999999998
BUTLER,2024-09-01,0.9,146.1,4.0,2,2,-2.52,-0.736842105263158,16.849999999999994,0.1303675048355899,0.6,1.9999999999999996,1.84
KOSSUTH,2024-09-01,0.85,49.5,3.0,2,3,-0.6,-0.41379310344827586,-129.14000000000001,-0.7229064039408867,-14.15,-0.9433333333333334,2.716666666666667
JEFFERSON,2024-09-01,0.8,244.8,16.0,1,2,-7.250000000000001,-0.9006211180124224,-223.66999999999996,-0.47744786218968127,-0.04999999999999993,-0.05882352941176463,20.650000000000002
GREENE,2024-09-01,0.75,79.95,1.0,1,1,-1.25,-0.625,-43.83999999999999,-0.3541481541319977,-0.050000000000000044,-0.06250000000000006,3.383333333333333
ADAIR,2024-09-01,0.7,234.6,14.0,2,2,-1.8700000000000003,-0.727626459143969,-50.79999999999998,-0.17799579537491236,-0.5200000000000002,-0.42622950819672145,1.14
DELAWARE,2024-09-01,0.7,124.80000000000001,14.0,2,2,-0.15000000000000002,-0.17647058823529416,81.80000000000001,1.902325581395349,-162.00000000000003,-0.9956976029502151,3.316666666666666
SHELBY,2024-09-01,0.65,154.8,13.0,2,2,-115.14999999999999,-0.9943868739205526,-706.5,-0.820271682340648,-1.87,-0.7420634920634921,40.52333333333333
POCAHONTAS,2024-09-01,0.6,222.0,12.0,1,1,-26.4,-0.9777777777777777,-102.0,-0.3148148148148148,-62.55,-0.9904988123515439,11.383333333333333
FREMONT,2024-09-01,0.55,154.8,11.0,2,2,-0.3999999999999999,-0.4210526315789473,-68.25,-0.30598520511096167,-0.95,-0.6333333333333333,0.7666666666666666
CHICKASAW,2024-09-01,0.15,51.75,3.0,1,1,-95.1,-0.9984251968503937,-681.75,-0.9294478527607362,-0.7,-0.8235294117647058,32.050000000000004
CRAWFORD,2024-09-01,0.1,42.84,2.0,1,2,-86.82000000000001,-0.9988495167970548,-2675.7,-0.9842415414156127,-269.3,-0.9996288047512991,53.34
GRUNDY,2024-09-01,0.1,157.2,2.0,1,1,-0.65,-0.8666666666666667,87.99,1.2713480710879932,-0.05000000000000002,-0.33333333333333337,0.31666666666666665
WORTH,2024-09-01,0.05,77.4,1.0,1,1,-0.09999999999999999,-0.6666666666666666,55.470000000000006,2.5294117647058827,-1.4,-0.9655172413793103,3.133333333333334
TAYLOR,2024-09-01,0.05,18.66,1.0,1,1,-2.35,-0.9791666666666667,-290.94,-0.9397286821705425,,,1.5666666666666667
WAYNE,2024-09-01,0.05,77.4,1.0,1,1,0.0,0.0,0.0,0.0,-1.0,-0.9523809523809523,0.06666666666666667
PALO ALTO,2024-09-01,0.05,38.7,1.0,1,1,-38.8,-0.9987129987129988,-404.96,-0.9127710408871659,-6.42,-0.9922720247295209,27.83333333333333
POLK,2024-10-01,4929.4900000000125,113851.93000000002,7153.0,127,207,1420.1400000000085,0.4046732300853454,45223.02000000002,0.6589499964373617,658.3499999999958,0.15413917595770527,4106.470000000006
LINN,2024-10-01,1224.7999999999986,31374.75,1850.0,50,120,-1066.8300000000038,-0.4655332667140868,5470.409999999982,0.21117735483706507,-82.47999999999956,-0.06309283397588862,1679.803333333333
BLACK HAWK,2024-10-01,831.0499999999996,15078.469999999996,756.0,33,58,322.90999999999923,0.6354744755382356,3483.4899999999925,0.30043087612052727,478.64999999999924,1.35825766174801,659.2966666666665
STORY,2024-10-01,826.1999999999997,16638.75,782.0,22,40,285.0799999999997,0.5268332347723235,1021.0000000000018,0.06537433369083268,529.9799999999993,1.7891432043751225,504.7466666666666
SCOTT,2024-10-01,747.2699999999995,17306.57,1611.0,39,68,-326.1799999999994,-0.3038613815268524,-4161.6500000000015,-0.19385165607581817,-3008.1900000000023,-0.8010177182022977,898.0233333333326
DUBUQUE,2024-10-01,683.7399999999998,12699.609999999999,552.0,15,23,-197.18999999999994,-0.223842984119056,1947.2500000000018,0.18109977716519932,587.1699999999998,6.080252666459563,573.2199999999998
JONES,2024-10-01,683.3499999999999,6901.200000000001,393.0,3,4,675.0299999999999,81.13341346153844,6521.210000000001,17.16153056659386,428.2999999999999,1.6792785728288566,230.83999999999995
DALLAS,2024-10-01,643.9,18980.020000000004,910.0,17,24,-1139.1499999999996,-0.638877204789546,-16842.829999999994,-0.4701700171817707,-578.7399999999992,-0.4733527448799316,901.0666666666666
POTTAWATTAMIE,2024-10-01,475.1600000000003,13509.09,855.0,28,39,-377.98999999999955,-0.4430522182500142,-41.19000000000051,-0.003039789583683917,-408.1999999999997,-0.4620992573809089,700.2900000000001
CRAWFORD,2024-10-01,417.35,6079.86,275.0,3,5,417.25,4172.5,6037.0199999999995,140.92016806722688,401.23,24.890198511166254,168.12333333333333
CLINTON,2024-10-01,415.34000000000015,7006.450000000001,455.0,9,23,92.78999999999996,0.2876763292512786,174.39000000000215,0.02552524421623964,91.00000000000006,0.2805697724609978,764.6133333333333
WARREN,2024-10-01,398.42,11948.649999999998,386.0,13,18,309.62,3.486711711711712,9295.349999999999,3.5033166245807106,84.44999999999993,0.2689747428098223,176.2733333333333
HENRY,2024-10-01,369.74999999999994,6570.1,267.0,2,6,342.24999999999994,12.445454545454544,5938.660000000001,9.404947421766124,-424.3999999999999,-0.5344078574576592,145.16666666666666
JOHNSON,2024-10-01,355.5900000000003,13582.96,648.0,34,46,-198.62999999999937,-0.35839558298148655,-870.0500000000029,-0.06019853303913875,-2983.4299999999994,-0.8935046810141898,370.81
WOODBURY,2024-10-01,296.5000000000002,6185.200000000004,472.0,26,32,120.11000000000013,0.6809342933272865,770.1300000000065,0.14221976816550974,-249.8999999999993,-0.4573572474377736,256.06666666666683
CERRO GORDO,2024-10-01,233.74000000000007,5249.41,326.0,9,21,129.6900000000001,1.2464199903892375,-148.44999999999982,-0.027501639538631946,134.94000000000005,1.365789473684211,252.80333333333337
CARROLL,2024-10-01,222.5,6582.85,150.0,6,8,59.93000000000001,0.36864120071353884,4398.42,2.0135321342409687,180.95,4.354993983152828,137.67999999999998
MARION,2024-10-01,173.70000000000002,4835.78,235.0,4,8,102.63000000000002,1.4440692275221618,2169.7499999999995,0.8138505568204406,172.05,104.27272727272728,152.53
MARSHALL,2024-10-01,155.21000000000004,4474.849999999999,197.0,9,26,120.82000000000005,3.5132305902878764,3191.2999999999993,2.4863075065248714,41.01000000000005,0.3591068301225924,65.38000000000001
CLAY,2024-10-01,131.71000000000004,1749.64,124.0,3,11,21.24000000000005,0.1922693944057215,-2.4600000000000364,-0.0014040294503738578,128.91000000000003,46.03928571428572,81.34333333333335
DELAWARE,2024-10-01,106.35,1134.48,73.0,2,3,105.64999999999999,150.92857142857142,1009.6800000000001,8.090384615384615,105.5,124.11764705882354,35.96666666666666
CHEROKEE,2024-10-01,101.22,3420.25,149.0,4,5,-164.88000000000002,-0.6196166854565953,411.10000000000036,0.1366166525430771,85.27,5.346081504702194,150.94000000000003
WEBSTER,2024-10-01,83.74999999999999,2016.55,114.0,7,12,-768.4499999999998,-0.901724947195494,-7354.849999999998,-0.7848187037155601,26.649999999999984,0.46672504378283686,312.9233333333333
SIOUX,2024-10-01,74.45,2276.73,103.0,9,13,70.15,16.313953488372096,1738.24,3.227989377704321,31.75,0.743559718969555,96.84000000000002
IOWA,2024-10-01,66.8,1160.22,76.0,6,7,44.099999999999994,1.9427312775330394,513.6300000000001,0.7943673734514919,22.880000000000003,0.5209471766848818,40.96666666666666
LEE,2024-10-01,64.97,1524.9000000000003,73.0,8,20,13.670000000000009,0.26647173489278775,-168.75999999999954,-0.09964219500962386,-39.769999999999996,-0.3797021195340844,129.82000000000005
TAMA,2024-10-01,55.85,1487.23,157.0,5,5,19.400000000000006,0.5322359396433473,569.19,0.6200056642412096,55.0,64.70588235294117,31.183333333333334
LYON,2024-10-01,53.3,1113.6100000000001,196.0,4,7,45.129999999999995,5.523867809057527,988.3400000000001,7.889678294883054,46.75,7.137404580152672,21.58
WASHINGTON,2024-10-01,53.25,440.78,32.0,2,5,37.55,2.3917197452229297,-588.46,-0.5717422564222144,-24.400000000000006,-0.31423052157115267,25.316666666666666
BREMER,2024-10-01,51.7,1400.65,67.0,2,7,-0.7999999999999972,-0.015238095238095184,1089.25,3.49791265253693,46.68,9.298804780876493,51.29999999999999
JEFFERSON,2024-10-01,47.00000000000001,1487.6399999999999,148.0,4,5,46.20000000000001,57.75000000000001,1242.84,5.076960784313725,44.75000000000001,19.888888888888893,18.61666666666667
MONTGOMERY,2024-10-01,42.55,1508.26,63.0,3,4,40.75,22.63888888888889,1358.92,9.099504486406857,10.25,0.3173374613003096,14.866666666666665
UNION,2024-10-01,38.0,1516.82,74.0,3,4,36.1,19.0,1198.58,3.7662770236299643,-120.69999999999999,-0.7605545053560177,13.966666666666667
WRIGHT,2024-10-01,33.55,732.15,26.0,4,5,-28.050000000000004,-0.4553571428571429,-181.38,-0.19854848773439296,-338.6,-0.9098481794975144,31.883333333333336
HANCOCK,2024-10-01,32.05,365.64,29.0,2,3,0.34999999999999787,0.01104100946372233,-49.860000000000014,-0.12000000000000004,30.999999999999996,29.52380952380952,21.266666666666666
BUENA VISTA,2024-10-01,31.65,384.59,53.0,3,4,17.68,1.2655690765926988,-132.39000000000004,-0.25608340748191427,-62.82,-0.664973007303906,17.14
WAPELLO,2024-10-01,11.769999999999998,827.28,54.0,6,12,-9.320000000000006,-0.44191559981033685,-1016.2300000000002,-0.5512473488074381,-65.57999999999998,-0.8478345184227537,48.68666666666667
BUCHANAN,2024-10-01,11.099999999999998,766.26,56.0,7,11,8.279999999999998,2.9361702127659566,614.2,4.039195054583717,-81.4,-0.8800000000000001,5.573333333333333
POWESHIEK,2024-10-01,9.969999999999999,364.16999999999996,30.0,8,10,5.219999999999999,1.0989473684210525,-220.69000000000017,-0.3773381663987965,2.849999999999998,0.4002808988764041,16.956666666666667
DES MOINES,2024-10-01,9.85,706.34,39.0,9,17,-30.02000000000001,-0.7529470780035115,-844.0899999999998,-0.5444231600265732,-113.29999999999998,-0.9200162403572879,51.13666666666666
DICKINSON,2024-10-01,9.75,525.44,35.0,7,10,-108.19999999999999,-0.917337855023315,-1444.3600000000004,-0.7332521068128744,-48.1,-0.8314606741573034,52.21666666666667
AUDUBON,2024-10-01,8.85,206.44000000000003,11.0,3,3,6.949999999999999,3.657894736842105,-72.16999999999999,-0.2590359283586375,6.199999999999999,2.3396226415094334,5.333333333333333
HARRISON,2024-10-01,8.1,407.32000000000005,44.0,4,6,4.779999999999999,1.439759036144578,126.34000000000009,0.44964054381094776,-7.070000000000002,-0.4660514172709295,5.013333333333333
LOUISA,2024-10-01,7.5200000000000005,430.1,55.0,2,3,3.0300000000000002,0.6748329621380846,325.51,3.1122478248398506,6.32,5.2666666666666675,4.286666666666666
PLYMOUTH,2024-10-01,7.42,416.9,46.0,2,5,-126.68000000000002,-0.9446681580909769,-1941.0799999999995,-0.8231961254972475,5.82,3.6375,63.32333333333333
MUSCATINE,2024-10-01,7.07,677.19,45.0,7,13,-16.03000000000001,-0.6939393939393941,-12.419999999999845,-0.01801017966676795,-33.44,-0.8254751913107874,21.83333333333334
JASPER,2024-10-01,6.94,1169.23,43.0,10,15,4.4,1.7322834645669292,1032.72,7.5651600615339545,-54.599999999999994,-0.8872278193045174,34.843333333333334
MAHASKA,2024-10-01,5.35,355.31,9.0,4,8,-29.299999999999997,-0.8455988455988456,-288.93,-0.4484819321991804,0.379999999999999,0.07645875251509034,14.166666666666666
MONONA,2024-10-01,4.82,360.6,22.0,4,7,3.12,1.835294117647059,214.0,1.4597544338335604,-2.6499999999999995,-0.35475234270414985,3.2566666666666664
FLOYD,2024-10-01,4.8,362.57000000000005,40.0,4,5,3.05,1.7428571428571427,192.62000000000006,1.1333921741688737,4.7,47.0,3.8699999999999997
CLAYTON,2024-10-01,4.75,74.25,5.0,2,2,-0.46999999999999975,-0.09003831417624517,-133.54,-0.6426680783483324,-33.65,-0.8763020833333334,5.373333333333332
O'BRIEN,2024-10-01,4.17,123.17,7.0,2,6,1.17,0.38999999999999996,-32.510000000000005,-0.20882579650565264,-41.999999999999986,-0.9096816114359974,2.6733333333333333
WINNESHIEK,2024-10-01,4.0,238.51,5.0,3,5,-1.5700000000000003,-0.2818671454219031,-56.94,-0.19272296496869182,-50.300000000000004,-0.9263351749539595,16.94
KEOKUK,2024-10-01,4.0,122.96,4.0,1,1,1.5299999999999998,0.6194331983805667,-10.480000000000004,-0.078537170263789,0.8999999999999999,0.29032258064516125,3.49
GUTHRIE,2024-10-01,3.97,252.75,8.0,4,6,-32.83,-0.8921195652173913,-251.39999999999998,-0.4986611127640583,3.12,3.6705882352941175,14.786666666666667
BENTON,2024-10-01,3.9,619.6099999999999,26.0,7,9,-4.699999999999999,-0.5465116279069767,322.7699999999999,1.087353456407492,-10.67,-0.7323266986959506,5.766666666666666
IDA,2024-10-01,3.6,204.11,16.0,2,5,-0.8199999999999998,-0.1855203619909502,-9.679999999999978,-0.04527807661724112,-77.80000000000001,-0.9557739557739559,2.9233333333333333
CLARKE,2024-10-01,3.6,359.03,23.0,4,4,0.03000000000000025,0.008403361344537886,297.85999999999996,4.869380415236226,-194.9,-0.9818639798488665,2.64
HUMBOLDT,2024-10-01,3.0,123.48,24.0,1,2,-28.849999999999998,-0.9058084772370487,-139.34999999999997,-0.5301906175094167,0.5,0.2,12.949999999999998
ADAIR,2024-10-01,2.77,138.36,23.0,3,3,2.0700000000000003,2.9571428571428577,-96.23999999999998,-0.4102301790281329,0.6200000000000001,0.2883720930232559,2.0133333333333336
HARDIN,2024-10-01,2.6,291.53,5.0,5,5,-43.89999999999999,-0.9440860215053763,-669.6700000000001,-0.6967020391177695,-4.149999999999999,-0.6148148148148147,27.33333333333333
EMMET,2024-10-01,2.5,375.96000000000004,50.0,2,3,-0.9000000000000004,-0.26470588235294124,36.400000000000034,0.10719754977029107,-6.649999999999999,-0.7267759562841529,2.7833333333333337
MADISON,2024-10-01,2.3,170.09,4.0,1,4,-251.6,-0.9909413154785348,-1974.07,-0.9206728975449594,-0.10000000000000009,-0.041666666666666706,94.66666666666667
WAYNE,2024-10-01,2.0,353.96999999999997,40.0,2,3,1.95,39.0,276.56999999999994,3.5732558139534873,1.85,12.333333333333332,0.7000000000000001
ALLAMAKEE,2024-10-01,1.55,84.0,9.0,2,2,0.0,0.0,12.689999999999998,0.17795540597391665,-3.7,-0.7047619047619048,12.766666666666664
HOWARD,2024-10-01,1.45,157.5,16.0,1,4,-30.42,-0.954502667085033,-63.75,-0.288135593220339,-0.5,-0.25641025641025644,11.123333333333335
PALO ALTO,2024-10-01,1.22,166.73,4.0,3,4,1.17,23.4,128.02999999999997,3.308268733850128,-1.78,-0.5933333333333334,13.37333333333333
APPANOOSE,2024-10-01,1.2,41.76,6.0,1,1,0.0,0.0,-118.44,-0.7393258426966293,-31.55,-0.9633587786259542,1.05
MITCHELL,2024-10-01,1.2,166.08,24.0,1,1,-4.699999999999999,-0.7966101694915254,-218.31999999999996,-0.5679500520291363,0.6,1.0,2.5666666666666664
MILLS,2024-10-01,1.1700000000000002,48.72,4.0,2,2,-6.93,-0.8555555555555555,-370.37,-0.8837481209286787,-3.2,-0.7322654462242563,3.99
CASS,2024-10-01,1.15,353.64000000000004,23.0,3,3,-2.5500000000000003,-0.6891891891891893,-497.07,-0.5843001727968402,-2.94,-0.7188264058679706,1.6666666666666667
FAYETTE,2024-10-01,1.0,241.92,20.0,2,3,-138.55,-0.9928341096381226,-1799.34,-0.8814849651685723,-69.45,-0.985805535841022,49.25
HAMILTON,2024-10-01,0.95,309.03,5.0,3,4,0.0,0.0,148.40999999999997,0.9239820694807618,-7.249999999999999,-0.8841463414634146,3.256666666666666
PAGE,2024-10-01,0.9000000000000001,161.1,10.0,3,3,-0.7,-0.43749999999999994,122.1,3.1307692307692307,-2.62,-0.7443181818181819,1.7833333333333334
BOONE,2024-10-01,0.85,32.22,3.0,2,2,-2.27,-0.7275641025641025,-408.99,-0.9269735500101992,-4.75,-0.8482142857142858,6.523333333333334
SHELBY,2024-10-01,0.85,185.69,3.0,2,2,0.19999999999999996,0.3076923076923076,30.889999999999986,0.19954780361757096,-398.8,-0.997873138996622,39.1
KOSSUTH,2024-10-01,0.75,17.25,1.0,1,1,-0.09999999999999998,-0.11764705882352938,-32.25,-0.6515151515151515,-1.65,-0.6875,1.0166666666666666
OSCEOLA,2024-10-01,0.75,19.5,2.0,1,1,-1.0,-0.5714285714285714,-17.78,-0.476931330472103,0.0,0.0,1.0833333333333333
WORTH,2024-10-01,0.6,82.8,12.0,1,1,0.5499999999999999,10.999999999999998,5.3999999999999915,0.069767441860465,-36.0,-0.9836065573770492,0.26666666666666666
VAN BUREN,2024-10-01,0.6,126.0,12.0,1,1,-7.9,-0.9294117647058824,55.480000000000004,0.7867271695972775,-0.6,-0.5,3.0500000000000003
WINNEBAGO,2024-10-01,0.5,78.6,10.0,1,1,-2.25,-0.8181818181818182,-76.80000000000001,-0.4942084942084943,-36.0,-0.9863013698630136,3.6833333333333336
JACKSON,2024-10-01,0.25,43.13,5.0,2,2,-3.29,-0.9293785310734464,-129.57,-0.7502605674580197,-1.7999999999999998,-0.8780487804878049,6.246666666666667
CEDAR,2024-10-01,0.2,91.80000000000001,4.0,2,2,-4.84,-0.9603174603174602,-64.94,-0.4143167028199566,-0.6500000000000001,-0.7647058823529412,2.37
BUTLER,2024-10-01,0.2,74.0,4.0,1,1,-0.7,-0.7777777777777777,-72.1,-0.49349760438056123,-70.35,-0.997165131112686,1.5066666666666668
GREENE,2024-10-01,0.05,6.92,1.0,1,1,-0.7,-0.9333333333333332,-73.03,-0.9134459036898062,-31.45,-0.9984126984126984,0.9333333333333332
FREMONT,2024-10-01,0.05,10.5,1.0,1,1,-0.5,-0.9090909090909091,-144.3,-0.9321705426356589,-0.5,-0.9090909090909091,0.5166666666666667
POCAHONTAS,2024-10-01,0.05,38.7,1.0,1,1,-0.5499999999999999,-0.9166666666666666,-183.3,-0.8256756756756757,0.0,0.0,9.216666666666667
SAC,2024-10-01,0.05,26.25,1.0,1,1,-3.0,-0.9836065573770493,-84.13,-0.7621851784743613,-14.77,-0.9966261808367071,32.4
CALHOUN,2024-10-01,0.05,6.75,1.0,1,1,-28.75,-0.9982638888888888,-643.2,-0.9896145857373644,-1.45,-0.9666666666666667,9.866666666666667
POLK,2024-11-01,5663.75000000001,106569.48000000003,5644.0,141,189,734.2599999999975,0.1489525285577201,-7282.449999999997,-0.06396422089638705,-2077.8200000000024,-0.2683977539439673,4700.863333333342
LINN,2024-11-01,2573.470000000001,42196.50000000002,2393.0,59,102,1348.6700000000026,1.1011348791639486,10821.750000000022,0.34491908302058255,1207.8800000000033,0.8845114565865342,2029.9666666666674
DUBUQUE,2024-11-01,1235.1599999999994,20763.709999999995,939.0,20,40,551.4199999999996,0.8064761459034133,8064.099999999997,0.6349880035686133,854.7099999999994,2.2465764226573777,933.2766666666663
BLACK HAWK,2024-11-01,1207.7799999999986,20631.630000000005,893.0,25,57,376.729999999999,0.4533180915709033,5553.160000000009,0.36828405003956044,-579.9000000000001,-0.3243869148840959,848.9899999999994
DALLAS,2024-11-01,884.2700000000001,19529.32,824.0,18,30,240.37000000000012,0.37330330796707584,549.2999999999956,0.028940960020062967,-1311.9400000000005,-0.5973654614085175,1103.7399999999998
SIOUX,2024-11-01,884.02,12002.929999999998,540.0,9,13,809.5699999999999,10.874009402283411,9726.199999999999,4.27200414629754,870.52,64.48296296296296,320.92333333333335
POTTAWATTAMIE,2024-11-01,815.6699999999997,16633.03,1151.0,30,52,340.5099999999994,0.7166217695092163,3123.9399999999987,0.23124725647693506,545.1399999999995,2.015081506672085,714.66
CERRO GORDO,2024-11-01,723.1200000000001,13331.189999999999,849.0,12,31,489.38000000000005,2.093693847865149,8081.779999999999,1.5395596838501848,165.2700000000001,0.29626243613874714,353.6366666666667
WOODBURY,2024-11-01,640.1599999999999,13465.669999999998,1136.0,23,35,343.6599999999996,1.1590556492411446,7280.469999999994,1.1770791566966288,199.81999999999965,0.453785711041467,371.0166666666667
DELAWARE,2024-11-01,630.75,10380.0,361.0,2,2,524.4,4.930888575458392,9245.52,8.149566321133912,575.75,10.468181818181819,245.9333333333333
DICKINSON,2024-11-01,591.62,9377.24,403.0,7,15,581.87,59.67897435897436,8851.8,16.84645249695493,539.37,10.32287081339713,239.7733333333333
SCOTT,2024-11-01,483.9300000000002,11375.899999999998,1646.0,33,50,-263.33999999999935,-0.3524027459954227,-5930.670000000002,-0.34268315443210307,-74.0199999999993,-0.13266421722376445,768.2166666666662
JOHNSON,2024-11-01,362.94000000000017,6509.72,484.0,24,34,7.349999999999852,0.02066987260609085,-7073.239999999999,-0.5207436376165431,-103.35000000000002,-0.22164318342662287,424.25
BOONE,2024-11-01,336.3200000000001,8831.47,388.0,7,12,335.4700000000001,394.67058823529425,8799.25,273.0990068280571,332.3000000000001,82.6616915422886,113.43000000000005
KOSSUTH,2024-11-01,264.9500000000001,2400.84,199.0,3,6,264.2000000000001,352.2666666666668,2383.59,138.17913043478262,264.2000000000001,352.2666666666668,88.85000000000004
PALO ALTO,2024-11-01,201.0,2898.0,132.0,1,2,199.78,163.75409836065575,2731.27,16.38139506987345,160.5,3.9629629629629637,67.42333333333333
CLINTON,2024-11-01,190.5,4200.4,224.0,12,17,-224.84000000000015,-0.5413396253671692,-2806.050000000001,-0.4004952579408974,-96.47000000000008,-0.33616754364567747,309.4633333333334
WAPELLO,2024-11-01,88.41999999999999,2361.63,190.0,9,13,76.64999999999999,6.512319456244691,1534.3500000000001,1.8546924862199017,83.29999999999998,16.269531249999993,40.42666666666666
WARREN,2024-11-01,84.64999999999999,2752.01,147.0,13,15,-313.77000000000004,-0.7875357662767934,-9196.639999999998,-0.7696802567654086,75.35,8.102150537634408,190.62333333333333
STORY,2024-11-01,82.90999999999997,3141.91,195.0,23,37,-743.2899999999997,-0.8996489954006294,-13496.84,-0.8111691082563294,-1412.8799999999992,-0.9445710962100295,483.40999999999985
MUSCATINE,2024-11-01,54.19,1911.3600000000001,141.0,14,21,47.12,6.664780763790664,1234.17,1.8224870420413768,-115.58000000000001,-0.6808034399481652,28.120000000000005
DES MOINES,2024-11-01,50.44999999999998,2119.5,157.0,20,29,40.59999999999998,4.12182741116751,1413.1599999999999,2.0006795594189763,9.249999999999986,0.2245145631067958,33.38999999999999
HOWARD,2024-11-01,48.61999999999999,1742.6299999999999,86.0,3,8,47.16999999999999,32.53103448275861,1585.1299999999999,10.06431746031746,48.51999999999999,485.1999999999999,27.313333333333333
RINGGOLD,2024-11-01,42.6,507.6,36.0,2,3,6.5,0.18005540166204986,-191.39999999999998,-0.2738197424892704,,,26.483333333333334
HARDIN,2024-11-01,37.35,506.81000000000006,48.0,5,8,34.75,13.365384615384615,215.2800000000001,0.7384488731862934,34.45,11.879310344827587,28.816666666666663
CARROLL,2024-11-01,35.25,899.9300000000001,179.0,3,13,-187.25,-0.8415730337078652,-5682.92,-0.8632917353425947,-58.0,-0.6219839142091153,140.10666666666665
CLAY,2024-11-01,32.52,302.90000000000003,26.0,3,5,-99.19000000000003,-0.7530939184572166,-1446.74,-0.8268786721839921,-63.79999999999999,-0.662375415282392,91.56666666666666
SAC,2024-11-01,32.25,352.5,19.0,2,2,32.2,644.0,326.25,12.428571428571429,27.1,5.262135922330097,11.783333333333333
APPANOOSE,2024-11-01,30.12,655.64,52.0,4,5,28.92,24.1,613.88,14.700191570881227,29.42,42.02857142857143,10.840000000000002
PLYMOUTH,2024-11-01,23.900000000000002,1246.92,208.0,4,6,16.480000000000004,2.2210242587601083,830.0200000000001,1.9909330774766134,16.8,2.3661971830985915,55.14000000000001
MARSHALL,2024-11-01,19.5,993.8699999999999,61.0,10,19,-135.71000000000004,-0.8743637652213131,-3480.9799999999996,-0.777898700515101,-107.77,-0.8467824310520939,69.7
TAMA,2024-11-01,18.07,803.0300000000001,76.0,5,5,-37.78,-0.6764547896150402,-684.1999999999999,-0.4600498914088607,18.02,360.4,36.79
WASHINGTON,2024-11-01,16.65,318.38,147.0,3,4,-36.6,-0.6873239436619718,-122.39999999999998,-0.2776895503425745,12.599999999999998,3.1111111111111107,28.53333333333333
BUENA VISTA,2024-11-01,16.05,444.92,26.0,5,7,-15.599999999999998,-0.4928909952606635,60.33000000000004,0.15686835331131865,14.18,7.582887700534759,20.55666666666667
BREMER,2024-11-01,15.450000000000001,313.15,151.0,3,5,-36.25,-0.7011605415860734,-1087.5,-0.7764252311426837,-100.6,-0.8668677294269711,39.88333333333333
HENRY,2024-11-01,15.450000000000001,938.25,151.0,3,3,-354.29999999999995,-0.9582150101419878,-5631.85,-0.8571939544299174,4.950000000000001,0.47142857142857153,137.56666666666663
WEBSTER,2024-11-01,14.450000000000003,1319.3899999999999,123.0,10,14,-69.29999999999998,-0.8274626865671642,-697.1600000000001,-0.34571917383650297,9.500000000000004,1.9191919191919198,316.79999999999995
LEE,2024-11-01,11.469999999999999,593.2500000000001,29.0,9,20,-53.5,-0.8234569801446822,-931.6500000000002,-0.6109580956128271,-50.05,-0.813556566970091,42.57999999999999
BENTON,2024-11-01,10.120000000000001,597.9599999999999,37.0,8,13,6.220000000000001,1.594871794871795,-21.649999999999977,-0.03494133406497633,2.120000000000001,0.2650000000000001,7.54
JASPER,2024-11-01,8.620000000000001,715.7699999999999,18.0,8,14,1.6800000000000006,0.24207492795389057,-453.46000000000015,-0.387827886728873,-37.06999999999999,-0.8113372729262419,6.033333333333334
HAMILTON,2024-11-01,8.349999999999998,354.96,12.0,5,8,7.399999999999998,7.789473684210524,45.93000000000001,0.1486263469566062,6.549999999999998,3.638888888888888,3.416666666666666
O'BRIEN,2024-11-01,8.05,522.5600000000001,19.0,5,13,3.880000000000001,0.9304556354916069,399.39000000000004,3.2425915401477634,-100.25,-0.9256694367497692,5.073333333333333
MAHASKA,2024-11-01,7.2700000000000005,604.12,66.0,6,8,1.9200000000000008,0.3588785046728974,248.81,0.7002617432664434,-50.47999999999999,-0.8741125541125541,15.756666666666668
IDA,2024-11-01,7.0,83.96,4.0,1,1,3.4,0.9444444444444444,-120.15000000000002,-0.5886531772083681,6.95,139.0,5.006666666666667
SHELBY,2024-11-01,6.7,117.91999999999999,12.0,1,3,5.8500000000000005,6.882352941176471,-67.77000000000001,-0.3649631105606118,-41.349999999999994,-0.8605619146722163,2.733333333333333
BUCHANAN,2024-11-01,6.5,554.5500000000001,44.0,6,9,-4.599999999999998,-0.4144144144144143,-211.70999999999992,-0.2762900321039855,1.13,0.2104283054003724,6.806666666666666
LYON,2024-11-01,6.22,241.00000000000003,15.0,5,6,-47.08,-0.8833020637898686,-872.6100000000001,-0.7835867134813804,5.47,7.293333333333333,22.563333333333333
MONONA,2024-11-01,5.5,128.01,6.0,2,3,0.6799999999999997,0.1410788381742738,-232.59000000000003,-0.6450083194675541,0.20000000000000018,0.03773584905660381,4.006666666666667
LUCAS,2024-11-01,5.07,463.31999999999994,10.0,4,5,2.62,1.0693877551020408,153.65999999999997,0.4962216624685138,3.37,1.9823529411764707,57.62333333333333
HUMBOLDT,2024-11-01,4.6000000000000005,436.11,56.0,2,6,1.6000000000000005,0.5333333333333335,312.63,2.531827016520894,4.050000000000001,7.363636363636364,13.149999999999999
MADISON,2024-11-01,4.6,357.44,8.0,5,6,2.3,1.0,187.35,1.1014756893409372,3.4799999999999995,3.1071428571428563,86.93333333333334
MARION,2024-11-01,3.9000000000000004,791.1,50.0,6,7,-169.8,-0.9775474956822107,-4044.68,-0.8364069498612426,-558.1,-0.9930604982206406,82.89
ALLAMAKEE,2024-11-01,3.7,213.04000000000002,13.0,3,8,2.1500000000000004,1.3870967741935485,129.04000000000002,1.5361904761904763,-86.52,-0.9589891376634893,2.266666666666667
ADAMS,2024-11-01,3.62,90.69,7.0,2,3,3.02,5.033333333333333,13.289999999999992,0.17170542635658903,3.5700000000000003,71.4,1.656666666666667
CEDAR,2024-11-01,3.52,247.51,19.0,3,4,3.32,16.599999999999998,155.70999999999998,1.6961873638344223,1.87,1.1333333333333335,2.92
PAGE,2024-11-01,3.5,421.41,42.0,5,8,2.5999999999999996,2.888888888888888,260.31000000000006,1.6158286778398514,2.45,2.3333333333333335,2.0
CHEROKEE,2024-11-01,3.42,111.99,8.0,4,4,-97.8,-0.966212211025489,-3308.26,-0.9672567794751846,-41.88,-0.9245033112582781,123.58000000000003
IOWA,2024-11-01,3.37,124.5,7.0,3,3,-63.43,-0.9495508982035928,-1035.72,-0.8926927651652273,-213.37999999999997,-0.9844521337946943,30.956666666666667
EMMET,2024-11-01,2.85,434.39,18.0,3,5,0.3500000000000001,0.14000000000000004,58.42999999999995,0.1554154697308223,-4.25,-0.5985915492957746,2.9166666666666665
CLAYTON,2024-11-01,2.5,71.24,3.0,3,3,-2.25,-0.47368421052631576,-3.010000000000005,-0.04053872053872061,-0.10000000000000009,-0.03846153846153849,4.156666666666666
HARRISON,2024-11-01,2.35,348.97,19.0,3,5,-5.75,-0.7098765432098766,-58.35000000000002,-0.1432534616517726,-2.1,-0.47191011235955055,4.59
JEFFERSON,2024-11-01,2.25,584.55,12.0,2,3,-44.75000000000001,-0.9521276595744681,-903.0899999999999,-0.6070621924659192,-0.1499999999999999,-0.062499999999999965,16.683333333333334
WINNEBAGO,2024-11-01,2.2,346.48,44.0,2,3,1.7000000000000002,3.4000000000000004,267.88,3.408142493638677,-0.49999999999999956,-0.18518518518518504,1.8166666666666667
OSCEOLA,2024-11-01,2.12,51.93,4.0,1,2,1.37,1.8266666666666669,32.43,1.6630769230769231,2.02,20.2,1.54
JACKSON,2024-11-01,2.1,125.68,17.0,3,4,1.85,7.4,82.55000000000001,1.9139809877115699,2.0,20.0,1.9633333333333336
FREMONT,2024-11-01,1.9200000000000002,136.2,6.0,2,2,1.87,37.4,125.69999999999999,11.97142857142857,-6.279999999999999,-0.7658536585365854,0.8400000000000002
CHICKASAW,2024-11-01,1.7200000000000002,114.51,15.0,2,2,1.5700000000000003,10.466666666666669,62.760000000000005,1.212753623188406,0.9700000000000002,1.2933333333333337,32.373333333333335
MILLS,2024-11-01,1.65,122.86,5.0,3,3,0.47999999999999976,0.41025641025641,74.14,1.5217569786535303,1.5,9.999999999999998,3.64
FAYETTE,2024-11-01,1.65,202.97,5.0,3,5,0.6499999999999999,0.6499999999999999,-38.94999999999999,-0.16100363756613753,-4.899999999999999,-0.748091603053435,47.400000000000006
MITCHELL,2024-11-01,1.55,259.49,9.0,2,2,0.3500000000000001,0.29166666666666674,93.41,0.5624397880539499,0.8,1.0666666666666667,2.8833333333333333
LOUISA,2024-11-01,1.55,107.97999999999999,10.0,2,2,-5.970000000000001,-0.7938829787234043,-322.12,-0.7489421064868635,-2.79,-0.6428571428571429,4.5200000000000005
AUDUBON,2024-11-01,1.5,12.76,2.0,1,1,-7.35,-0.8305084745762712,-193.68000000000004,-0.9381902732028677,0.3799999999999999,0.33928571428571414,4.083333333333333
GRUNDY,2024-11-01,1.35,254.07999999999998,27.0,3,3,1.25,12.5,96.88,0.6162849872773537,0.40000000000000013,0.4210526315789475,0.7333333333333334
CASS,2024-11-01,1.3,280.91999999999996,12.0,4,6,0.15000000000000013,0.1304347826086958,-72.72000000000008,-0.20563284696301345,1.2,11.999999999999998,2.05
POCAHONTAS,2024-11-01,1.27,36.21,6.0,1,3,1.22,24.4,-2.490000000000002,-0.06434108527131788,0.09999999999999987,0.08547008547008535,0.64
BUTLER,2024-11-01,1.25,233.4,7.0,3,3,1.05,5.25,159.4,2.154054054054054,1.2,23.999999999999996,0.7833333333333333
POWESHIEK,2024-11-01,1.05,168.69,7.0,3,4,-8.919999999999998,-0.8946840521564693,-195.47999999999996,-0.5367822720158167,-2.5,-0.704225352112676,5.256666666666667
WRIGHT,2024-11-01,1.0,30.41,1.0,1,1,-32.55,-0.970193740685544,-701.74,-0.9584647954654102,-3.05,-0.7530864197530864,32.050000000000004
WINNESHIEK,2024-11-01,0.85,54.9,3.0,2,2,-3.15,-0.7875,-183.60999999999999,-0.7698209718670076,-6.9,-0.8903225806451613,3.473333333333333
ADAIR,2024-11-01,0.8,135.6,2.0,2,2,-1.97,-0.7111913357400722,-2.7600000000000193,-0.019947961838681836,-6.6000000000000005,-0.8918918918918919,1.4233333333333331
GREENE,2024-11-01,0.75,42.0,1.0,1,1,0.7,13.999999999999998,35.08,5.069364161849711,0.55,2.75,0.5166666666666667
GUTHRIE,2024-11-01,0.75,69.99,1.0,1,1,-3.22,-0.8110831234256927,-182.76,-0.7230860534124629,-13.150000000000002,-0.9460431654676259,13.839999999999998
MONTGOMERY,2024-11-01,0.65,149.39999999999998,13.0,2,2,-41.9,-0.9847238542890717,-1358.8600000000001,-0.9009454603317731,-2.7500000000000004,-0.8088235294117647,14.999999999999998
CRAWFORD,2024-11-01,0.65,157.07999999999998,13.0,2,2,-416.70000000000005,-0.9984425542110938,-5922.78,-0.9741638787735244,-44.5,-0.9856035437430787,139.36666666666667
UNION,2024-11-01,0.6,78.48,12.0,1,1,-37.4,-0.9842105263157894,-1438.34,-0.9482601758943052,-0.5000000000000001,-0.4545454545454546,13.5
FLOYD,2024-11-01,0.2,27.6,4.0,1,1,-4.6,-0.9583333333333333,-334.97,-0.9238767686239898,-0.6000000000000001,-0.7500000000000001,2.25
MONROE,2024-11-01,0.2,100.38,4.0,2,2,-41.8,-0.9952380952380951,-313.62,-0.7575362318840579,-0.6000000000000001,-0.7500000000000001,14.333333333333334
WAYNE,2024-11-01,0.2,40.660000000000004,4.0,1,2,-1.8,-0.9,-313.30999999999995,-0.885131508319914,-1.75,-0.8974358974358975,0.75
JONES,2024-11-01,0.1,55.2,2.0,2,2,-683.2499999999999,-0.9998536621058023,-6846.000000000001,-0.9920013910624239,-5.57,-0.9823633156966491,230.59
CALHOUN,2024-11-01,0.1,157.2,2.0,1,1,0.05,1.0,150.45,22.288888888888888,-37.019999999999996,-0.9973060344827586,9.65
TAYLOR,2024-11-01,0.05,78.6,1.0,1,1,0.0,0.0,59.94,3.2122186495176845,,,0.8333333333333331
FRANKLIN,2024-11-01,0.05,38.7,1.0,1,1,-31.45,-0.9984126984126984,-271.8,-0.8753623188405798,-1.7000000000000002,-0.9714285714285714,10.533333333333333
CLARKE,2024-11-01,0.05,6.92,1.0,1,1,-3.5500000000000003,-0.9861111111111112,-352.10999999999996,-0.9807258446369383,-64.45,-0.9992248062015504,2.4066666666666667
POLK,2024-12-01,3632.690000000003,91480.51000000001,5603.0,133,215,-2031.0600000000072,-0.35860693003752,-15088.970000000016,-0.14158809820597804,309.93000000000075,0.09327486788091845,4741.976666666676
LINN,2024-12-01,1535.6899999999985,26978.07000000001,1647.0,48,100,-1037.7800000000027,-0.4032609667103181,-15218.430000000011,-0.3606562155629022,-1322.9700000000032,-0.46279375651529125,1777.986666666666
SCOTT,2024-12-01,1414.5899999999983,22453.600000000002,1611.0,32,64,930.6599999999981,1.9231293782158532,11077.700000000004,0.973786689404795,913.5199999999979,1.8231384836449944,881.9299999999994
DES MOINES,2024-12-01,1139.6299999999994,9095.36,778.0,12,20,1089.1799999999994,21.58929633300297,6975.860000000001,3.2912762443972636,1040.8799999999994,10.540556962025311,399.97666666666646
POTTAWATTAMIE,2024-12-01,867.9199999999997,22278.719999999987,1444.0,27,46,52.25,0.0640577684602842,5645.689999999988,0.3394264304218767,752.9599999999997,6.549756437021568,719.5833333333331
WOODBURY,2024-12-01,548.1099999999996,12815.000000000004,831.0,34,52,-92.0500000000003,-0.14379217695576155,-650.6699999999946,-0.04832065541484343,93.46999999999935,0.20559123702269774,494.9233333333332
DALLAS,2024-12-01,546.6999999999999,22892.63,701.0,10,20,-337.57000000000016,-0.38174991801146724,3363.3100000000013,0.1722184899423022,-387.0200000000001,-0.4144925673649489,691.6233333333333
BLACK HAWK,2024-12-01,489.3000000000006,9793.829999999996,769.0,37,81,-718.479999999998,-0.5948765503651318,-10837.800000000008,-0.5253002307621844,143.2900000000003,0.4141209791624525,842.7099999999996
WAPELLO,2024-12-01,333.40000000000015,9435.95,244.0,9,12,244.98000000000016,2.7706401266681766,7074.320000000001,2.9955242777234368,316.7500000000001,19.024024024024023,144.53000000000006
DUBUQUE,2024-12-01,295.1400000000002,6931.500000000004,303.0,21,46,-940.0199999999992,-0.7610511998445543,-13832.209999999992,-0.6661723747827336,-284.9999999999999,-0.49126073016857974,738.0133333333332
CERRO GORDO,2024-12-01,248.77000000000004,5105.119999999998,290.0,12,29,-474.3500000000001,-0.6559768779732271,-8226.07,-0.6170544415014714,90.99999999999994,0.5767889966406787,401.8766666666667
STORY,2024-12-01,212.79999999999998,3735.67,255.0,19,26,129.89000000000001,1.5666385237003988,593.7600000000002,0.18898058824091085,50.75999999999988,0.31325598617625183,373.96999999999986
JOHNSON,2024-12-01,196.21000000000004,9462.529999999999,446.0,34,47,-166.73000000000013,-0.45938722653882197,2952.8099999999986,0.4536001548453695,-3718.83,-0.9498830152437778,304.91333333333347
WEBSTER,2024-12-01,160.32000000000002,2681.46,179.0,7,12,145.87,10.094809688581313,1362.0700000000002,1.0323482821606957,127.72000000000001,3.9177914110429444,86.17333333333333
CLAY,2024-12-01,144.57000000000005,3340.7300000000005,208.0,4,11,112.05000000000004,3.445571955719558,3037.8300000000004,10.02915153516012,53.52000000000007,0.587808896210874,102.93333333333335
CLINTON,2024-12-01,137.75000000000006,3903.7799999999997,219.0,10,19,-52.74999999999994,-0.2769028871391073,-296.6199999999999,-0.07061708408722976,-210.55,-0.6045076083835773,247.86333333333337
WASHINGTON,2024-12-01,122.97,1611.6,128.0,5,5,106.32,6.385585585585586,1293.2199999999998,4.061875745963942,90.32,2.766309341500765,64.29
LEE,2024-12-01,95.54999999999998,1569.2500000000002,77.0,10,16,84.07999999999998,7.330427201394943,976.0000000000001,1.645174884112937,39.43999999999999,0.7029050080199607,57.32999999999999
BOONE,2024-12-01,84.55,1051.6499999999999,242.0,5,11,-251.7700000000001,-0.7486025214081827,-7779.82,-0.8809201639138219,74.8,7.671794871794871,140.57333333333338
CALHOUN,2024-12-01,81.25,995.6700000000001,79.0,4,5,81.15,811.5,838.47,5.333778625954199,80.55,115.07142857142857,27.133333333333336
O'BRIEN,2024-12-01,70.35000000000001,1353.35,109.0,7,15,62.30000000000001,7.739130434782609,830.7899999999998,1.5898461420698098,62.400000000000006,7.849056603773587,27.523333333333337
MARSHALL,2024-12-01,60.089999999999975,1946.0700000000002,145.0,9,26,40.589999999999975,2.0815384615384604,952.2000000000003,0.9580729874128411,12.049999999999983,0.25083263946711043,78.26666666666667
MONTGOMERY,2024-12-01,54.0,972.0,72.0,1,1,53.35,82.07692307692308,822.6,5.506024096385543,53.95,1079.0,32.4
BUENA VISTA,2024-12-01,51.8,1253.7,58.0,3,3,35.75,2.2274143302180685,808.78,1.817809943360604,40.129999999999995,3.43873179091688,33.166666666666664
LUCAS,2024-12-01,46.7,1734.1200000000001,94.0,2,4,41.63,8.211045364891518,1270.8000000000002,2.7428127428127436,44.050000000000004,16.62264150943396,18.073333333333334
CARROLL,2024-12-01,43.97,971.4699999999998,79.0,5,14,8.719999999999999,0.24737588652482267,71.53999999999974,0.0794950718389205,-104.47999999999999,-0.7038059952846076,100.57333333333334
BENTON,2024-12-01,39.92,689.97,34.0,10,14,29.8,2.9446640316205532,92.0100000000001,0.15387316877383123,16.07,0.6737945492662474,17.98
HARDIN,2024-12-01,39.599999999999994,1160.67,105.0,6,12,2.249999999999993,0.06024096385542149,653.86,1.2901481817643692,35.3,8.209302325581396,26.516666666666666
GRUNDY,2024-12-01,36.0,399.36,32.0,2,3,34.65,25.666666666666664,145.28000000000003,0.5717884130982369,35.95,719.0,12.483333333333334
PLYMOUTH,2024-12-01,35.80000000000001,572.8199999999999,59.0,5,8,11.90000000000001,0.49790794979079533,-674.1000000000001,-0.5406120681358869,25.70000000000001,2.544554455445545,22.373333333333335
JONES,2024-12-01,34.32,393.29,26.0,4,6,34.22,342.2,338.09000000000003,6.12481884057971,28.63,5.031634446397187,239.25666666666666
BUCHANAN,2024-12-01,20.6,659.29,17.0,5,10,14.100000000000001,2.1692307692307695,104.7399999999999,0.18887386168965806,14.46,2.3550488599348536,12.733333333333334
WARREN,2024-12-01,18.700000000000006,1222.06,94.0,10,14,-65.94999999999999,-0.7790903721204961,-1529.9500000000003,-0.5559391135933373,-64.38999999999999,-0.7749428330725718,167.25666666666666
MUSCATINE,2024-12-01,17.359999999999996,1486.44,125.0,13,21,-36.83,-0.6796456910869164,-424.9200000000001,-0.22231290808638876,-139.78000000000003,-0.889525264095711,26.206666666666663
FAYETTE,2024-12-01,17.1,488.21000000000004,170.0,5,5,15.450000000000001,9.363636363636365,285.24,1.4053308370695177,14.000000000000002,4.516129032258065,6.583333333333333
BREMER,2024-12-01,16.800000000000004,914.94,76.0,4,6,1.3500000000000032,0.08737864077669923,601.7900000000001,1.9217307999361333,-44.41999999999999,-0.7255798758575628,27.983333333333338
IOWA,2024-12-01,11.75,506.99,39.0,8,8,8.379999999999999,2.4866468842729965,382.49,3.0722088353413657,-85.59,-0.8792890897883706,27.30666666666667
JASPER,2024-12-01,9.649999999999999,912.8299999999999,29.0,9,9,1.0299999999999976,0.11948955916473289,197.06000000000006,0.2753119018679186,-2.3500000000000014,-0.19583333333333344,8.403333333333334
SIOUX,2024-12-01,9.47,505.52,17.0,10,12,-874.55,-0.9892875726793511,-11497.409999999998,-0.9578836167502435,-153.33,-0.9418304668304669,322.6466666666667
IDA,2024-12-01,8.1,153.95,11.0,3,6,1.0999999999999996,0.15714285714285708,69.99,0.8336112434492615,5.1,1.7,6.233333333333333
JEFFERSON,2024-12-01,7.2,489.65999999999997,40.0,3,7,4.95,2.2,-94.88999999999999,-0.1623299974339235,5.9,4.538461538461539,18.81666666666667
CASS,2024-12-01,6.819999999999999,111.75,17.0,1,4,5.52,4.246153846153845,-169.16999999999996,-0.6021999145664245,6.47,18.485714285714288,3.09
MILLS,2024-12-01,6.69,643.62,66.0,4,8,5.040000000000001,3.054545454545455,520.76,4.238645612892723,1.0200000000000005,0.17989417989417997,3.1700000000000004
DICKINSON,2024-12-01,6.5,424.77,25.0,5,12,-585.12,-0.9890132179439505,-8952.47,-0.9547020231965908,-167.4,-0.9626221966647499,202.62333333333333
AUDUBON,2024-12-01,6.25,127.25999999999999,7.0,2,3,4.75,3.1666666666666665,114.49999999999999,8.973354231974922,2.25,0.5625,5.533333333333334
CEDAR,2024-12-01,5.87,256.8,25.0,4,7,2.35,0.6676136363636364,9.29000000000002,0.03753383701668628,2.97,1.024137931034483,3.1966666666666668
WINNESHIEK,2024-12-01,5.6,418.54,10.0,3,6,4.75,5.588235294117648,363.64000000000004,6.623679417122041,-30.799999999999997,-0.8461538461538461,3.483333333333333
HARRISON,2024-12-01,5.5,403.57000000000005,7.0,4,6,3.15,1.3404255319148934,54.60000000000002,0.15646044072556387,-1.5199999999999996,-0.21652421652421647,5.316666666666666
POWESHIEK,2024-12-01,5.07,521.99,12.0,7,9,4.0200000000000005,3.8285714285714287,353.3,2.0943742960460017,-3.3999999999999986,-0.40141676505312857,5.363333333333333
MONONA,2024-12-01,4.77,296.71,15.0,3,8,-0.7300000000000004,-0.1327272727272728,168.7,1.3178657917350207,-1.5300000000000002,-0.2428571428571429,5.03
MARION,2024-12-01,4.470000000000001,648.35,23.0,6,10,0.5700000000000003,0.14615384615384622,-142.75,-0.18044495006952344,-319.93,-0.986220715166461,60.690000000000005
KEOKUK,2024-12-01,4.0,25.8,4.0,1,1,0.0,0.0,-97.16,-0.7901756668835394,0.25,0.06666666666666667,3.49
PALO ALTO,2024-12-01,4.0,57.0,4.0,1,1,-197.0,-0.9800995024875622,-2841.0,-0.9803312629399586,-41.349999999999994,-0.9117971334068357,68.74
ALLAMAKEE,2024-12-01,3.9000000000000004,407.68999999999994,50.0,3,6,0.20000000000000018,0.0540540540540541,194.64999999999992,0.9136781825009384,-42.97,-0.9167911243866013,3.0500000000000003
MITCHELL,2024-12-01,3.6,472.32,72.0,1,1,2.05,1.3225806451612903,212.82999999999998,0.8201857489691317,2.85,3.8000000000000003,2.1166666666666667
KOSSUTH,2024-12-01,3.42,219.99,7.0,6,6,-261.5300000000001,-0.9870919041328552,-2180.8500000000004,-0.9083695706502725,3.12,10.4,89.7066666666667
EMMET,2024-12-01,3.2,550.6800000000001,64.0,2,3,0.3500000000000001,0.12280701754385967,116.29000000000008,0.267708740993117,3.1500000000000004,63.00000000000001,2.85
UNION,2024-12-01,3.15,373.8,21.0,4,5,2.55,4.25,295.32,3.762996941896024,0.39999999999999947,0.14545454545454523,13.916666666666666
WRIGHT,2024-12-01,3.0,393.6,60.0,2,1,2.0,2.0,363.19,11.943110818809602,-3.0700000000000003,-0.5057660626029654,12.516666666666666
MADISON,2024-12-01,2.95,289.82,17.0,3,5,-1.6499999999999995,-0.35869565217391297,-67.62,-0.18917860340196957,-0.25,-0.078125,3.283333333333333
PAGE,2024-12-01,2.8200000000000003,146.3,10.0,3,5,-0.6799999999999997,-0.1942857142857142,-275.11,-0.6528321587052989,-5.08,-0.6430379746835443,2.4066666666666667
CLAYTON,2024-12-01,2.65,87.06,6.0,2,6,0.1499999999999999,0.05999999999999996,15.820000000000007,0.22206625491297036,-0.3500000000000001,-0.1166666666666667,3.3000000000000003
ADAIR,2024-12-01,2.62,301.34000000000003,20.0,3,3,1.82,2.275,165.74000000000004,1.222271386430679,-0.04999999999999982,-0.01872659176029956,2.0633333333333335
WINNEBAGO,2024-12-01,2.62,187.86,6.0,2,2,0.41999999999999993,0.19090909090909086,-158.62,-0.45780420226275687,-1.63,-0.38352941176470584,1.7733333333333334
JACKSON,2024-12-01,2.6,385.96,12.0,5,5,0.5,0.23809523809523808,260.28,2.070973901973265,-30.85,-0.9222720478325859,1.6500000000000001
HAMILTON,2024-12-01,2.6,535.2,10.0,4,6,-5.749999999999998,-0.688622754491018,180.24000000000007,0.5077755240027048,1.8,2.25,3.9666666666666655
POCAHONTAS,2024-12-01,2.5,313.32,17.0,2,5,1.23,0.968503937007874,277.11,7.652858326429163,1.0,0.6666666666666666,1.2733333333333334
MAHASKA,2024-12-01,2.35,263.66999999999996,5.0,3,5,-4.92,-0.6767537826685006,-340.45000000000005,-0.5635469774217043,-7.15,-0.7526315789473684,4.99
SHELBY,2024-12-01,2.1,149.55,14.0,3,3,-4.6,-0.6865671641791045,31.630000000000024,0.26823270013568545,-41.849999999999994,-0.9522184300341296,3.216666666666667
DELAWARE,2024-12-01,1.7,107.25,6.0,2,4,-629.05,-0.9973047958779231,-10272.75,-0.9896676300578034,-28.150000000000002,-0.9430485762144054,246.26666666666668
HOWARD,2024-12-01,1.6,229.2,4.0,2,4,-47.01999999999999,-0.9670917317976141,-1513.4299999999998,-0.8684746618616688,0.8,1.0,17.223333333333333
FRANKLIN,2024-12-01,1.55,21.810000000000002,3.0,1,2,1.5,30.0,-16.89,-0.43643410852713177,0.9500000000000001,1.5833333333333335,11.033333333333333
BUTLER,2024-12-01,1.4,150.72,20.0,2,2,0.1499999999999999,0.11999999999999993,-82.68,-0.354241645244216,0.19999999999999996,0.16666666666666663,0.9499999999999998
GUTHRIE,2024-12-01,1.37,120.0,8.0,2,2,0.6200000000000001,0.8266666666666668,50.010000000000005,0.7145306472353194,-51.88,-0.9742723004694837,2.0300000000000002
LYON,2024-12-01,1.37,70.05,8.0,4,4,-4.85,-0.7797427652733119,-170.95000000000005,-0.7093360995850624,-6.63,-0.82875,20.296666666666663
FLOYD,2024-12-01,1.25,253.79,10.0,3,5,1.05,5.25,226.19,8.195289855072463,-74.47,-0.9834918119387216,2.0833333333333335
TAMA,2024-12-01,1.25,188.92000000000002,17.0,2,3,-16.82,-0.9308245711123408,-614.1100000000001,-0.764741043298507,-0.25,-0.16666666666666666,25.05666666666667
CLARKE,2024-12-01,1.25,236.04,25.0,2,2,1.2,23.999999999999996,229.12,33.10982658959538,-66.25,-0.9814814814814815,1.6333333333333335
APPANOOSE,2024-12-01,1.2,195.64,10.0,3,3,-28.92,-0.9601593625498008,-460.0,-0.7016045390763224,-2.8,-0.7,10.840000000000002
FREMONT,2024-12-01,1.2,157.44,24.0,1,1,-0.7200000000000002,-0.37500000000000006,21.24000000000001,0.15594713656387674,-0.6200000000000001,-0.3406593406593407,1.0566666666666666
WORTH,2024-12-01,1.1700000000000002,107.85,4.0,2,2,0.5700000000000002,0.9500000000000003,25.049999999999997,0.3025362318840579,0.4700000000000002,0.6714285714285717,0.6066666666666668
CHICKASAW,2024-12-01,0.85,23.97,3.0,2,2,-0.8700000000000002,-0.5058139534883722,-90.54,-0.7906733036416034,-62.15,-0.9865079365079364,0.9066666666666667
CHEROKEE,2024-12-01,0.85,58.5,4.0,2,2,-2.57,-0.7514619883040935,-53.489999999999995,-0.4776319314224484,-20.22,-0.9596582819174181,35.163333333333334
SAC,2024-12-01,0.8,123.6,2.0,2,2,-31.45,-0.9751937984496124,-228.9,-0.6493617021276596,-108.2,-0.9926605504587156,11.033333333333331
ADAMS,2024-12-01,0.75,45.0,1.0,1,1,-2.87,-0.7928176795580111,-45.69,-0.5038041680449884,0.0,0.0,1.6566666666666665
HANCOCK,2024-12-01,0.6,78.72,12.0,1,1,-31.449999999999996,-0.9812792511700468,-286.91999999999996,-0.7847062684607811,-3.4,-0.85,21.45
HENRY,2024-12-01,0.25,107.39999999999999,5.0,2,2,-15.200000000000001,-0.9838187702265372,-830.85,-0.8855315747402078,-71.51999999999998,-0.9965166504110352,128.48333333333332
WAYNE,2024-12-01,0.2,68.63,4.0,2,2,0.0,0.0,27.96999999999999,0.687899655681259,-1.97,-0.9078341013824885,0.8000000000000002
CRAWFORD,2024-12-01,0.1,157.2,2.0,1,1,-0.55,-0.8461538461538461,0.12000000000000455,0.0007639419404125577,-3.6,-0.9729729729729729,139.36666666666667
HUMBOLDT,2024-12-01,0.1,34.5,2.0,1,1,-4.500000000000001,-0.9782608695652175,-401.61,-0.9208915181949509,-1.75,-0.9459459459459459,2.566666666666667
VAN BUREN,2024-12-01,0.1,26.62,2.0,1,1,-0.5,-0.8333333333333334,-99.38,-0.7887301587301587,-5.7700000000000005,-0.9829642248722318,3.0666666666666664
GREENE,2024-12-01,0.05,78.6,1.0,1,1,-0.7,-0.9333333333333332,36.599999999999994,0.8714285714285713,-1.15,-0.9583333333333333,0.2833333333333334
TAYLOR,2024-12-01,0.05,78.6,1.0,1,1,0.0,0.0,0.0,0.0,-0.7,-0.9333333333333332,0.05000000000000001
MONROE,2024-12-01,0.05,38.7,1.0,1,1,-0.15000000000000002,-0.7500000000000001,-61.67999999999999,-0.6144650328750747,0.0,0.0,14.083333333333334
